,P,F
965,1.0,0.00022893772893772894
966,0.9997710622710623,0.00011446886446886447
967,0.9997710622710623,0.00011446886446886447
968,0.9997710622710623,0.00011446886446886447
969,0.9997710622710623,0.00011446886446886447
970,0.9997710622710623,0.00011446886446886447
971,0.9997710622710623,0.00011446886446886447
972,0.9997710622710623,0.00011446886446886447
973,0.9997710622710623,0.00011446886446886447
974,0.9997710622710623,0.00011446886446886447
975,0.9997710622710623,0.00011446886446886447
976,0.9997710622710623,0.00011446886446886447
977,0.9997710622710623,0.00011446886446886447
978,0.9997710622710623,0.00034340659340659343
979,0.9995421245421245,0.0004578754578754579
980,0.9993131868131868,0.00034340659340659343
981,0.999198717948718,0.00034340659340659343
982,0.999198717948718,0.00034340659340659343
983,0.999198717948718,0.00034340659340659343
984,0.999198717948718,0.00034340659340659343
985,0.999198717948718,0.00034340659340659343
986,0.999198717948718,0.00034340659340659343
987,0.999198717948718,0.00034340659340659343
988,0.999198717948718,0.00034340659340659343
989,0.999198717948718,0.00034340659340659343
990,0.999198717948718,0.00034340659340659343
991,0.999198717948718,0.0005723443223443224
992,0.9989697802197802,0.0004578754578754579
993,0.9989697802197802,0.0006868131868131869
994,0.9986263736263736,0.0005723443223443224
995,0.9985119047619048,0.0005723443223443224
996,0.9985119047619048,0.0005723443223443224
997,0.9985119047619048,0.0005723443223443224
998,0.9985119047619048,0.0005723443223443224
999,0.9985119047619048,0.0005723443223443224
1000,0.9985119047619048,0.0008012820512820513
1001,0.998282967032967,0.0009157509157509158
1002,0.9980540293040293,0.0008012820512820513
1003,0.9980540293040293,0.0010302197802197802
1004,0.9978250915750916,0.0011446886446886447
1005,0.9975961538461539,0.001717032967032967
1006,0.9969093406593407,0.0013736263736263737
1007,0.9967948717948718,0.0013736263736263737
1008,0.9967948717948718,0.0016025641025641025
1009,0.9964514652014652,0.001488095238095238
1010,0.9964514652014652,0.0018315018315018315
1011,0.9961080586080586,0.0016025641025641025
1012,0.9961080586080586,0.0018315018315018315
1013,0.9958791208791209,0.001717032967032967
1014,0.9958791208791209,0.001717032967032967
1015,0.9958791208791209,0.001717032967032967
1016,0.9958791208791209,0.001717032967032967
1017,0.9958791208791209,0.001717032967032967
1018,0.995764652014652,0.001717032967032967
1019,0.9956501831501832,0.001945970695970696
1020,0.9953067765567766,0.0018315018315018315
1021,0.9953067765567766,0.0018315018315018315
1022,0.99496336996337,0.0018315018315018315
1023,0.99496336996337,0.002174908424908425
1024,0.9946199633699634,0.0020604395604395605
1025,0.9943910256410257,0.001945970695970696
1026,0.9941620879120879,0.001945970695970696
1027,0.9941620879120879,0.002174908424908425
1028,0.9939331501831502,0.0025183150183150185
1029,0.9933608058608059,0.0025183150183150185
1030,0.9931318681318682,0.002403846153846154
1031,0.9931318681318682,0.002403846153846154
1032,0.9931318681318682,0.0030906593406593405
1033,0.9923305860805861,0.002976190476190476
1034,0.9921016483516484,0.0028617216117216115
1035,0.9921016483516484,0.0030906593406593405
1036,0.9917582417582418,0.002976190476190476
1037,0.9917582417582418,0.0033195970695970695
1038,0.9914148351648352,0.0030906593406593405
1039,0.9913003663003663,0.003434065934065934
1040,0.990728021978022,0.003205128205128205
1041,0.990728021978022,0.003205128205128205
1042,0.990728021978022,0.003434065934065934
1043,0.9904990842490843,0.0033195970695970695
1044,0.9903846153846154,0.0033195970695970695
1045,0.9902701465201466,0.0033195970695970695
1046,0.9901556776556777,0.0033195970695970695
1047,0.9901556776556777,0.003663003663003663
1048,0.9898122710622711,0.003434065934065934
1049,0.9893543956043956,0.0035485347985347985
1050,0.9891254578754579,0.0035485347985347985
1051,0.989010989010989,0.003663003663003663
1052,0.9886675824175825,0.003891941391941392
1053,0.9880952380952381,0.0035485347985347985
1054,0.9880952380952381,0.0035485347985347985
1055,0.9879807692307693,0.003891941391941392
1056,0.9875228937728938,0.0037774725274725275
1057,0.987408424908425,0.003663003663003663
1058,0.987408424908425,0.003663003663003663
1059,0.9872939560439561,0.004006410256410256
1060,0.9869505494505495,0.0037774725274725275
1061,0.9868360805860806,0.004235347985347985
1062,0.9863782051282052,0.004006410256410256
1063,0.9863782051282052,0.004006410256410256
1064,0.9861492673992674,0.004006410256410256
1065,0.9860347985347986,0.004120879120879121
1066,0.985691391941392,0.004120879120879121
1067,0.9855769230769231,0.004006410256410256
1068,0.9851190476190477,0.004120879120879121
1069,0.9850045787545788,0.00434981684981685
1070,0.9847756410256411,0.004235347985347985
1071,0.9846611721611722,0.00434981684981685
1072,0.9844322344322345,0.004235347985347985
1073,0.9843177655677655,0.004235347985347985
1074,0.9843177655677655,0.004464285714285714
1075,0.9840888278388278,0.004807692307692308
1076,0.9835164835164835,0.004464285714285714
1077,0.9832875457875457,0.004578754578754579
1078,0.983058608058608,0.004693223443223443
1079,0.9828296703296703,0.004807692307692308
1080,0.9826007326007326,0.004922161172161172
1081,0.9823717948717948,0.005036630036630037
1082,0.9820283882783882,0.004922161172161172
1083,0.9817994505494505,0.00538003663003663
1084,0.981341575091575,0.005265567765567766
1085,0.9811126373626373,0.005151098901098901
1086,0.9811126373626373,0.005265567765567766
1087,0.9807692307692307,0.005265567765567766
1088,0.9806547619047619,0.005151098901098901
1089,0.9806547619047619,0.00538003663003663
1090,0.9804258241758241,0.00538003663003663
1091,0.9803113553113553,0.005265567765567766
1092,0.9800824175824175,0.005265567765567766
1093,0.9799679487179487,0.005494505494505495
1094,0.9795100732600732,0.00538003663003663
1095,0.9793956043956044,0.005608974358974359
1096,0.9789377289377289,0.005494505494505495
1097,0.9787087912087912,0.005494505494505495
1098,0.9785943223443223,0.005608974358974359
1099,0.9783653846153846,0.005837912087912088
1100,0.9779075091575091,0.005723443223443223
1101,0.9774496336996337,0.005608974358974359
1102,0.9774496336996337,0.005952380952380952
1103,0.9771062271062271,0.006066849816849817
1104,0.9767628205128205,0.006066849816849817
1105,0.9766483516483516,0.005952380952380952
1106,0.9765338827838828,0.006181318681318681
1107,0.9761904761904762,0.006066849816849817
1108,0.9761904761904762,0.006295787545787546
1109,0.9759615384615384,0.006524725274725275
1110,0.975503663003663,0.006868131868131868
1111,0.9750457875457875,0.007326007326007326
1112,0.9743589743589743,0.007554945054945055
1113,0.9735576923076923,0.00744047619047619
1114,0.9733287545787546,0.00744047619047619
1115,0.9730998168498168,0.00744047619047619
1116,0.9727564102564102,0.00744047619047619
1117,0.9725274725274725,0.007669413919413919
1118,0.9721840659340659,0.007898351648351648
1119,0.9719551282051282,0.008012820512820512
1120,0.9716117216117216,0.008241758241758242
1121,0.9710393772893773,0.008356227106227106
1122,0.9706959706959707,0.008241758241758242
1123,0.9706959706959707,0.008241758241758242
1124,0.9705815018315018,0.00847069597069597
1125,0.9702380952380952,0.0086996336996337
1126,0.9697802197802198,0.008585164835164836
1127,0.9694368131868132,0.008814102564102564
1128,0.9690934065934066,0.008814102564102564
1129,0.9684065934065934,0.008928571428571428
1130,0.9676053113553114,0.009157509157509158
1131,0.967032967032967,0.008814102564102564
1132,0.9669184981684982,0.009615384615384616
1133,0.9660027472527473,0.009386446886446886
1134,0.9656593406593407,0.009615384615384616
1135,0.9652014652014652,0.009615384615384616
1136,0.9649725274725275,0.00972985347985348
1137,0.9647435897435898,0.00972985347985348
1138,0.9641712454212454,0.010073260073260074
1139,0.96371336996337,0.009958791208791208
1140,0.9634844322344323,0.010302197802197802
1141,0.9629120879120879,0.011103479853479854
1142,0.9617673992673993,0.010874542124542124
1143,0.961195054945055,0.01098901098901099
1144,0.9608516483516484,0.011446886446886446
1145,0.9600503663003663,0.011561355311355312
1146,0.9592490842490843,0.011217948717948718
1147,0.9589056776556777,0.011332417582417582
1148,0.9587912087912088,0.011675824175824176
1149,0.9582188644688645,0.01201923076923077
1150,0.9575320512820513,0.01179029304029304
1151,0.9573031135531136,0.011904761904761904
1152,0.9568452380952381,0.012477106227106228
1153,0.956158424908425,0.012362637362637362
1154,0.9559294871794872,0.012477106227106228
1155,0.9553571428571429,0.012477106227106228
1156,0.9548992673992674,0.01282051282051282
1157,0.9539835164835165,0.012934981684981684
1158,0.9535256410256411,0.012934981684981684
1159,0.9526098901098901,0.012934981684981684
1160,0.9519230769230769,0.013278388278388278
1161,0.9506639194139194,0.013278388278388278
1162,0.9503205128205128,0.013278388278388278
1163,0.9498626373626373,0.013392857142857142
1164,0.9488324175824175,0.013392857142857142
1165,0.9482600732600732,0.013621794871794872
1166,0.9476877289377289,0.0138507326007326
1167,0.9471153846153846,0.0138507326007326
1168,0.9466575091575091,0.014308608058608058
1169,0.9458562271062271,0.014194139194139194
1170,0.9453983516483516,0.014308608058608058
1171,0.9449404761904762,0.014652014652014652
1172,0.9440247252747253,0.01488095238095238
1173,0.9433379120879121,0.014995421245421246
1174,0.9426510989010989,0.014995421245421246
1175,0.9420787545787546,0.015453296703296704
1176,0.9410485347985348,0.015338827838827838
1177,0.9401327838827839,0.01510989010989011
1178,0.9397893772893773,0.015338827838827838
1179,0.9394459706959707,0.015453296703296704
1180,0.9386446886446886,0.016025641025641024
1181,0.9377289377289377,0.016025641025641024
1182,0.9368131868131868,0.01591117216117216
1183,0.9368131868131868,0.01636904761904762
1184,0.9361263736263736,0.016025641025641024
1185,0.9358974358974359,0.016254578754578756
1186,0.9354395604395604,0.01636904761904762
1187,0.9346382783882784,0.016254578754578756
1188,0.9342948717948718,0.016483516483516484
1189,0.9333791208791209,0.016597985347985348
1190,0.93246336996337,0.01636904761904762
1191,0.9321199633699634,0.016597985347985348
1192,0.9313186813186813,0.01694139194139194
1193,0.9306318681318682,0.017513736263736264
1194,0.9293727106227107,0.017055860805860804
1195,0.9286858974358975,0.01694139194139194
1196,0.9284569597069597,0.017513736263736264
1197,0.9275412087912088,0.01797161172161172
1198,0.926510989010989,0.017857142857142856
1199,0.9258241758241759,0.01797161172161172
1200,0.9251373626373627,0.01797161172161172
1201,0.9247939560439561,0.018543956043956044
1202,0.923992673992674,0.018315018315018316
1203,0.9233058608058609,0.018658424908424908
1204,0.9222756410256411,0.018772893772893772
1205,0.9220467032967034,0.019345238095238096
1206,0.9207875457875457,0.01945970695970696
1207,0.9203296703296703,0.01945970695970696
1208,0.9196428571428571,0.019345238095238096
1209,0.9189560439560439,0.019230769230769232
1210,0.9184981684981685,0.019688644688644688
1211,0.9178113553113553,0.019803113553113552
1212,0.9168956043956044,0.020032051282051284
1213,0.9160943223443223,0.019803113553113552
1214,0.9150641025641025,0.020260989010989012
1215,0.9142628205128205,0.019803113553113552
1216,0.9141483516483516,0.020146520146520148
1217,0.9133470695970696,0.02048992673992674
1218,0.9124313186813187,0.020260989010989012
1219,0.9118589743589743,0.020718864468864468
1220,0.9110576923076923,0.020375457875457876
1221,0.9105998168498168,0.020375457875457876
1222,0.9097985347985348,0.020604395604395604
1223,0.908768315018315,0.020604395604395604
1224,0.9083104395604396,0.021291208791208792
1225,0.9071657509157509,0.020947802197802196
1226,0.9067078754578755,0.020947802197802196
1227,0.9063644688644689,0.021291208791208792
1228,0.9055631868131868,0.020947802197802196
1229,0.9049908424908425,0.021634615384615384
1230,0.9041895604395604,0.021405677655677656
1231,0.9038461538461539,0.021863553113553112
1232,0.9029304029304029,0.021749084249084248
1233,0.9023580586080586,0.02197802197802198
1234,0.9019001831501832,0.021749084249084248
1235,0.9014423076923077,0.022092490842490844
1236,0.9005265567765568,0.02197802197802198
1237,0.9002976190476191,0.022092490842490844
1238,0.8999542124542125,0.022321428571428572
1239,0.8991529304029304,0.022435897435897436
1240,0.8984661172161172,0.022206959706959708
1241,0.8976648351648352,0.0225503663003663
1242,0.8967490842490843,0.023122710622710624
1243,0.8954899267399268,0.023122710622710624
1244,0.894459706959707,0.023351648351648352
1245,0.8935439560439561,0.023122710622710624
1246,0.8928571428571429,0.023237179487179488
1247,0.8922847985347986,0.02358058608058608
1248,0.8912545787545788,0.02358058608058608
1249,0.8898809523809523,0.023351648351648352
1250,0.8895375457875457,0.023809523809523808
1251,0.888507326007326,0.02403846153846154
1252,0.887591575091575,0.023923992673992672
1253,0.8865613553113553,0.02358058608058608
1254,0.8858745421245421,0.02358058608058608
1255,0.8854166666666666,0.024152930402930404
1256,0.8841575091575091,0.023695054945054944
1257,0.8838141025641025,0.023809523809523808
1258,0.8834706959706959,0.023809523809523808
1259,0.8830128205128205,0.023809523809523808
1260,0.8827838827838828,0.024496336996336996
1261,0.8815247252747253,0.02403846153846154
1262,0.8812957875457875,0.024152930402930404
1263,0.8806089743589743,0.02403846153846154
1264,0.8802655677655677,0.024725274725274724
1265,0.879235347985348,0.024725274725274724
1266,0.8780906593406593,0.024267399267399268
1267,0.8778617216117216,0.024381868131868132
1268,0.877518315018315,0.024496336996336996
1269,0.8770604395604396,0.025183150183150184
1270,0.8759157509157509,0.024839743589743588
1271,0.8753434065934066,0.02506868131868132
1272,0.8747710622710623,0.024725274725274724
1273,0.8740842490842491,0.024954212454212456
1274,0.873282967032967,0.025297619047619048
1275,0.8723672161172161,0.024839743589743588
1276,0.8720238095238095,0.025297619047619048
1277,0.8712225274725275,0.025297619047619048
1278,0.8706501831501832,0.025755494505494504
1279,0.86996336996337,0.02564102564102564
1280,0.8689331501831502,0.025984432234432236
1281,0.8676739926739927,0.0260989010989011
1282,0.8664148351648352,0.026327838827838828
1283,0.8646978021978022,0.0260989010989011
1284,0.864010989010989,0.02667124542124542
1285,0.8629807692307693,0.026213369963369964
1286,0.8622939560439561,0.026327838827838828
1287,0.861492673992674,0.026442307692307692
1288,0.8610347985347986,0.026442307692307692
1289,0.8602335164835165,0.02667124542124542
1290,0.8593177655677655,0.026327838827838828
1291,0.8592032967032966,0.027472527472527472
1292,0.8579441391941391,0.026900183150183152
1293,0.8576007326007326,0.026900183150183152
1294,0.857257326007326,0.02712912087912088
1295,0.8562271062271062,0.027358058608058608
1296,0.8551968864468864,0.027472527472527472
1297,0.8545100732600732,0.027472527472527472
1298,0.8539377289377289,0.027358058608058608
1299,0.8537087912087912,0.027815934065934064
1300,0.8526785714285714,0.027472527472527472
1301,0.8522206959706959,0.027815934065934064
1302,0.8516483516483516,0.028044871794871796
1303,0.8508470695970696,0.027930402930402932
1304,0.8500457875457875,0.02815934065934066
1305,0.8495879120879121,0.028044871794871796
1306,0.8491300366300366,0.02873168498168498
1307,0.8482142857142857,0.028502747252747252
1308,0.8475274725274725,0.028388278388278388
1309,0.8469551282051282,0.028617216117216116
1310,0.846268315018315,0.02873168498168498
1311,0.8459249084249084,0.028960622710622712
1312,0.8451236263736264,0.028960622710622712
1313,0.8447802197802198,0.02918956043956044
1314,0.8436355311355311,0.029075091575091576
1315,0.8423763736263736,0.029876373626373628
1316,0.8408882783882784,0.029990842490842492
1317,0.8394001831501832,0.029532967032967032
1318,0.8391712454212454,0.030677655677655676
1319,0.8380265567765568,0.03021978021978022
1320,0.8372252747252747,0.030563186813186812
1321,0.836195054945055,0.030563186813186812
1322,0.8357371794871795,0.031135531135531136
1323,0.8345924908424909,0.031364468864468864
1324,0.8332188644688645,0.03159340659340659
1325,0.8321886446886447,0.030906593406593408
1326,0.8317307692307693,0.03147893772893773
1327,0.8304716117216118,0.031135531135531136
1328,0.8301282051282052,0.03147893772893773
1329,0.8286401098901099,0.03159340659340659
1330,0.8281822344322345,0.03182234432234432
1331,0.8272664835164835,0.03159340659340659
1332,0.826808608058608,0.031707875457875456
1333,0.8264652014652014,0.03182234432234432
1334,0.826007326007326,0.031707875457875456
1335,0.8257783882783882,0.032280219780219783
1336,0.8247481684981685,0.031936813186813184
1337,0.8244047619047619,0.032852564102564104
1338,0.8224587912087912,0.03216575091575091
1339,0.8222298534798534,0.032280219780219783
1340,0.8216575091575091,0.03273809523809524
1341,0.8201694139194139,0.03250915750915751
1342,0.8198260073260073,0.03250915750915751
1343,0.8193681318681318,0.03296703296703297
1344,0.8178800366300366,0.03296703296703297
1345,0.8168498168498168,0.033195970695970696
1346,0.8160485347985348,0.03353937728937729
1347,0.8147893772893773,0.03353937728937729
1348,0.8143315018315018,0.033997252747252744
1349,0.8131868131868132,0.03365384615384615
1350,0.8126144688644689,0.034340659340659344
1351,0.8108974358974359,0.03445512820512821
1352,0.8095238095238095,0.03422619047619048
1353,0.8088369963369964,0.03422619047619048
1354,0.808264652014652,0.03422619047619048
1355,0.80746336996337,0.03456959706959707
1356,0.8067765567765568,0.03456959706959707
1357,0.8059752747252747,0.034913003663003664
1358,0.8048305860805861,0.034913003663003664
1359,0.8040293040293041,0.03514194139194139
1360,0.8029990842490843,0.035256410256410256
1361,0.8020833333333334,0.035485347985347984
1362,0.8009386446886447,0.03537087912087912
1363,0.8000228937728938,0.03537087912087912
1364,0.7996794871794872,0.035485347985347984
1365,0.7993360805860806,0.03559981684981685
1366,0.7986492673992674,0.03594322344322344
1367,0.7975045787545788,0.03594322344322344
1368,0.7959020146520146,0.03571428571428571
1369,0.795558608058608,0.036057692307692304
1370,0.7941849816849816,0.036057692307692304
1371,0.7937271062271062,0.03628663003663004
1372,0.793040293040293,0.03628663003663004
1373,0.7921245421245421,0.03663003663003663
1374,0.7914377289377289,0.03685897435897436
1375,0.790521978021978,0.03685897435897436
1376,0.7896062271062271,0.037545787545787544
1377,0.7882326007326007,0.03766025641025641
1378,0.7872023809523809,0.03811813186813187
1379,0.7849130036630036,0.03720238095238095
1380,0.7846840659340659,0.037545787545787544
1381,0.7835393772893773,0.03743131868131868
1382,0.7831959706959707,0.03720238095238095
1383,0.7827380952380952,0.037889194139194136
1384,0.7813644688644689,0.037545787545787544
1385,0.7809065934065934,0.03766025641025641
1386,0.7796474358974359,0.038232600732600736
1387,0.7780448717948718,0.038461538461538464
1388,0.77621336996337,0.038232600732600736
1389,0.7755265567765568,0.0383470695970696
1390,0.7748397435897436,0.03869047619047619
1391,0.7732371794871795,0.03891941391941392
1392,0.7722069597069597,0.03949175824175824
1393,0.7700320512820513,0.039033882783882784
1394,0.769459706959707,0.039033882783882784
1395,0.7688873626373627,0.03869047619047619
1396,0.7684294871794872,0.03972069597069597
1397,0.7664835164835165,0.03891941391941392
1398,0.7659111721611722,0.039377289377289376
1399,0.7640796703296703,0.039377289377289376
1400,0.7630494505494505,0.039033882783882784
1401,0.7628205128205128,0.03926282051282051
1402,0.7623626373626373,0.03983516483516483
1403,0.7606456043956044,0.03949175824175824
1404,0.7601877289377289,0.04017857142857143
1405,0.7584706959706959,0.03972069597069597
1406,0.7581272893772893,0.04063644688644689
1407,0.7566391941391941,0.04097985347985348
1408,0.7548076923076923,0.04063644688644689
1409,0.754235347985348,0.04075091575091575
1410,0.7532051282051282,0.04075091575091575
1411,0.7526327838827839,0.040521978021978024
1412,0.7520604395604396,0.04075091575091575
1413,0.7512591575091575,0.04063644688644689
1414,0.7504578754578755,0.041094322344322344
1415,0.7490842490842491,0.04120879120879121
1416,0.7477106227106227,0.04075091575091575
1417,0.7472527472527473,0.041437728937728936
1418,0.7455357142857143,0.040865384615384616
1419,0.7451923076923077,0.04178113553113553
1420,0.7438186813186813,0.0415521978021978
1421,0.7426739926739927,0.041666666666666664
1422,0.7417582417582418,0.042353479853479856
1423,0.7400412087912088,0.042582417582417584
1424,0.7380952380952381,0.041666666666666664
1425,0.7371794871794872,0.0415521978021978
1426,0.7361492673992674,0.042010073260073263
1427,0.7350045787545788,0.0415521978021978
1428,0.7344322344322345,0.0415521978021978
1429,0.7336309523809523,0.04189560439560439
1430,0.7319139194139194,0.041666666666666664
1431,0.731341575091575,0.04189560439560439
1432,0.7298534798534798,0.0415521978021978
1433,0.7295100732600732,0.04189560439560439
1434,0.7284798534798534,0.041666666666666664
1435,0.7279075091575091,0.04178113553113553
1436,0.7272206959706959,0.04246794871794872
1437,0.7253891941391941,0.042010073260073263
1438,0.7248168498168498,0.04223901098901099
1439,0.7240155677655677,0.04212454212454213
1440,0.7228708791208791,0.04178113553113553
1441,0.7220695970695971,0.042010073260073263
1442,0.7216117216117216,0.04189560439560439
1443,0.7211538461538461,0.04223901098901099
1444,0.7206959706959707,0.042353479853479856
1445,0.7194368131868132,0.04212454212454213
1446,0.71875,0.042582417582417584
1447,0.7173763736263736,0.04223901098901099
1448,0.7164606227106227,0.042353479853479856
1449,0.7157738095238095,0.042925824175824176
1450,0.7144001831501832,0.04269688644688645
1451,0.7134844322344323,0.04304029304029304
1452,0.7123397435897436,0.043154761904761904
1453,0.7110805860805861,0.042925824175824176
1454,0.7101648351648352,0.04338369963369963
1455,0.7085622710622711,0.043498168498168496
1456,0.7071886446886447,0.042925824175824176
1457,0.7067307692307693,0.04361263736263736
1458,0.7057005494505495,0.043154761904761904
1459,0.7048992673992674,0.04304029304029304
1460,0.7045558608058609,0.04304029304029304
1461,0.7040979853479854,0.04395604395604396
1462,0.7020375457875457,0.04281135531135531
1463,0.701808608058608,0.043154761904761904
1464,0.7008928571428571,0.04304029304029304
1465,0.7003205128205128,0.04326923076923077
1466,0.6995192307692307,0.043154761904761904
1467,0.698489010989011,0.04395604395604396
1468,0.696771978021978,0.043498168498168496
1469,0.6963141025641025,0.043727106227106224
1470,0.6952838827838828,0.043498168498168496
1471,0.6944826007326007,0.04395604395604396
1472,0.6936813186813187,0.04384157509157509
1473,0.6931089743589743,0.04384157509157509
1474,0.6927655677655677,0.04429945054945055
1475,0.6913919413919414,0.043727106227106224
1476,0.6909340659340659,0.044070512820512824
1477,0.6897893772893773,0.04384157509157509
1478,0.6887591575091575,0.04338369963369963
1479,0.6886446886446886,0.04395604395604396
1480,0.6877289377289377,0.043727106227106224
1481,0.6873855311355311,0.04452838827838828
1482,0.685782967032967,0.04418498168498169
1483,0.684981684981685,0.04418498168498169
1484,0.6841804029304029,0.04395604395604396
1485,0.6834935897435898,0.044642857142857144
1486,0.6821199633699634,0.04429945054945055
1487,0.6813186813186813,0.04475732600732601
1488,0.6802884615384616,0.045215201465201464
1489,0.6790293040293041,0.04475732600732601
1490,0.6783424908424909,0.04475732600732601
1491,0.6778846153846154,0.04475732600732601
1492,0.6773122710622711,0.04532967032967033
1493,0.6750228937728938,0.04475732600732601
1494,0.673992673992674,0.04487179487179487
1495,0.6729624542124543,0.044413919413919416
1496,0.6728479853479854,0.044986263736263736
1497,0.6715888278388278,0.044642857142857144
1498,0.6709020146520146,0.044986263736263736
1499,0.6698717948717948,0.04452838827838828
1500,0.669757326007326,0.044986263736263736
1501,0.6681547619047619,0.04452838827838828
1502,0.6674679487179487,0.04475732600732601
1503,0.6664377289377289,0.044413919413919416
1504,0.6662087912087912,0.04532967032967033
1505,0.6641483516483516,0.04429945054945055
1506,0.663804945054945,0.04475732600732601
1507,0.6627747252747253,0.044413919413919416
1508,0.6620879120879121,0.04452838827838828
1509,0.6607142857142857,0.04384157509157509
1510,0.6599130036630036,0.04395604395604396
1511,0.6592261904761905,0.04395604395604396
1512,0.6588827838827839,0.04395604395604396
1513,0.658768315018315,0.044642857142857144
1514,0.6575091575091575,0.044413919413919416
1515,0.6568223443223443,0.04395604395604396
1516,0.6564789377289377,0.04475732600732601
1517,0.6549908424908425,0.044642857142857144
1518,0.6543040293040293,0.04487179487179487
1519,0.6536172161172161,0.04487179487179487
1520,0.6532738095238095,0.0451007326007326
1521,0.6524725274725275,0.04532967032967033
1522,0.6514423076923077,0.04487179487179487
1523,0.6510989010989011,0.045215201465201464
1524,0.6500686813186813,0.04475732600732601
1525,0.6496108058608059,0.04475732600732601
1526,0.6489239926739927,0.04544413919413919
1527,0.6476648351648352,0.04429945054945055
1528,0.6475503663003663,0.044642857142857144
1529,0.6466346153846154,0.04418498168498169
1530,0.6466346153846154,0.044642857142857144
1531,0.6457188644688645,0.04418498168498169
1532,0.6456043956043956,0.044413919413919416
1533,0.6441163003663004,0.04487179487179487
1534,0.6434294871794872,0.04452838827838828
1535,0.6425137362637363,0.04452838827838828
1536,0.6421703296703297,0.044986263736263736
1537,0.6412545787545788,0.044642857142857144
1538,0.6411401098901099,0.045558608058608056
1539,0.6388507326007326,0.04475732600732601
1540,0.6383928571428571,0.045215201465201464
1541,0.6366758241758241,0.04452838827838828
1542,0.635989010989011,0.04429945054945055
1543,0.6355311355311355,0.04475732600732601
1544,0.6345009157509157,0.044642857142857144
1545,0.6334706959706959,0.044070512820512824
1546,0.6330128205128205,0.044413919413919416
1547,0.6324404761904762,0.04452838827838828
1548,0.6308379120879121,0.044070512820512824
1549,0.6301510989010989,0.04395604395604396
1550,0.6299221611721612,0.044413919413919416
1551,0.6291208791208791,0.044413919413919416
1552,0.6282051282051282,0.044413919413919416
1553,0.6278617216117216,0.04452838827838828
1554,0.6274038461538461,0.044413919413919416
1555,0.6270604395604396,0.04429945054945055
1556,0.6263736263736264,0.044070512820512824
1557,0.6255723443223443,0.044070512820512824
1558,0.6248855311355311,0.04452838827838828
1559,0.6240842490842491,0.04418498168498169
1560,0.6235119047619048,0.04395604395604396
1561,0.6231684981684982,0.04384157509157509
1562,0.6229395604395604,0.04429945054945055
1563,0.6219093406593407,0.044070512820512824
1564,0.6211080586080586,0.04418498168498169
1565,0.6198489010989011,0.044070512820512824
1566,0.6195054945054945,0.04429945054945055
1567,0.6185897435897436,0.04418498168498169
1568,0.6181318681318682,0.044413919413919416
1569,0.6172161172161172,0.04418498168498169
1570,0.6166437728937729,0.044070512820512824
1571,0.6163003663003663,0.04395604395604396
1572,0.6160714285714286,0.04395604395604396
1573,0.6158424908424909,0.0451007326007326
1574,0.6138965201465202,0.044413919413919416
1575,0.6133241758241759,0.044642857142857144
1576,0.611492673992674,0.04395604395604396
1577,0.6110347985347986,0.04418498168498169
1578,0.6104624542124543,0.044070512820512824
1579,0.6101190476190477,0.044070512820512824
1580,0.6097756410256411,0.044986263736263736
1581,0.607257326007326,0.04429945054945055
1582,0.6064560439560439,0.04418498168498169
1583,0.6059981684981685,0.04418498168498169
1584,0.6053113553113553,0.044070512820512824
1585,0.604739010989011,0.044070512820512824
1586,0.6043956043956044,0.04429945054945055
1587,0.60382326007326,0.044413919413919416
1588,0.6033653846153846,0.04452838827838828
1589,0.6023351648351648,0.044070512820512824
1590,0.6015338827838828,0.04418498168498169
1591,0.6010760073260073,0.044070512820512824
1592,0.6007326007326007,0.044642857142857144
1593,0.5993589743589743,0.04384157509157509
1594,0.5992445054945055,0.04384157509157509
1595,0.5989010989010989,0.04395604395604396
1596,0.597985347985348,0.04361263736263736
1597,0.5978708791208791,0.04384157509157509
1598,0.5967261904761905,0.04384157509157509
1599,0.596268315018315,0.04429945054945055
1600,0.5952380952380952,0.04418498168498169
1601,0.594551282051282,0.04384157509157509
1602,0.5943223443223443,0.044070512820512824
1603,0.5938644688644689,0.04395604395604396
1604,0.5936355311355311,0.04395604395604396
1605,0.5931776556776557,0.04429945054945055
1606,0.5919184981684982,0.04395604395604396
1607,0.5914606227106227,0.04418498168498169
1608,0.5902014652014652,0.04395604395604396
1609,0.589514652014652,0.043727106227106224
1610,0.5885989010989011,0.043498168498168496
1611,0.5876831501831502,0.04304029304029304
1612,0.5874542124542125,0.04304029304029304
1613,0.586996336996337,0.04281135531135531
1614,0.586195054945055,0.042582417582417584
1615,0.5856227106227107,0.043154761904761904
1616,0.5842490842490843,0.042353479853479856
1617,0.5840201465201466,0.04281135531135531
1618,0.5824175824175825,0.04223901098901099
1619,0.5821886446886447,0.04246794871794872
1620,0.5812728937728938,0.042353479853479856
1621,0.5810439560439561,0.042582417582417584
1622,0.5807005494505495,0.04269688644688645
1623,0.5798992673992674,0.04223901098901099
1624,0.5795558608058609,0.04246794871794872
1625,0.5786401098901099,0.04223901098901099
1626,0.5784111721611722,0.04246794871794872
1627,0.5778388278388278,0.042353479853479856
1628,0.5770375457875457,0.042582417582417584
1629,0.5763507326007326,0.04269688644688645
1630,0.5757783882783882,0.042582417582417584
1631,0.575091575091575,0.042925824175824176
1632,0.5740613553113553,0.04246794871794872
1633,0.5733745421245421,0.042353479853479856
1634,0.5731456043956044,0.04246794871794872
1635,0.57257326007326,0.042582417582417584
1636,0.5720009157509157,0.04223901098901099
1637,0.5714285714285714,0.042582417582417584
1638,0.5707417582417582,0.042582417582417584
1639,0.5702838827838828,0.04269688644688645
1640,0.570054945054945,0.042582417582417584
1641,0.5695970695970696,0.04338369963369963
1642,0.5684523809523809,0.04281135531135531
1643,0.5682234432234432,0.042925824175824176
1644,0.5673076923076923,0.04281135531135531
1645,0.5669642857142857,0.04326923076923077
1646,0.5657051282051282,0.042925824175824176
1647,0.5651327838827839,0.043154761904761904
1648,0.5643315018315018,0.04304029304029304
1649,0.5637591575091575,0.042925824175824176
1650,0.563301282051282,0.042582417582417584
1651,0.5625,0.042353479853479856
1652,0.5619276556776557,0.04223901098901099
1653,0.5618131868131868,0.04246794871794872
1654,0.5610119047619048,0.042353479853479856
1655,0.5605540293040293,0.04269688644688645
1656,0.5591804029304029,0.042353479853479856
1657,0.5587225274725275,0.04223901098901099
1658,0.5578067765567766,0.042353479853479856
1659,0.5567765567765568,0.042010073260073263
1660,0.5566620879120879,0.04246794871794872
1661,0.5556318681318682,0.04223901098901099
1662,0.554945054945055,0.042010073260073263
1663,0.5542582417582418,0.042010073260073263
1664,0.5538003663003663,0.042010073260073263
1665,0.553228021978022,0.042582417582417584
1666,0.5518543956043956,0.0415521978021978
1667,0.5517399267399268,0.04178113553113553
1668,0.550709706959707,0.041437728937728936
1669,0.5505952380952381,0.04178113553113553
1670,0.5500228937728938,0.041437728937728936
1671,0.549908424908425,0.04212454212454213
1672,0.5487637362637363,0.04178113553113553
1673,0.5485347985347986,0.04212454212454213
1674,0.5478479853479854,0.042353479853479856
1675,0.5469322344322345,0.04223901098901099
1676,0.5459020146520146,0.042582417582417584
1677,0.5448717948717948,0.04189560439560439
1678,0.5448717948717948,0.042010073260073263
1679,0.5446428571428571,0.042353479853479856
1680,0.5433836996336996,0.04212454212454213
1681,0.5426968864468864,0.04246794871794872
1682,0.5418956043956044,0.042353479853479856
1683,0.5414377289377289,0.04269688644688645
1684,0.540521978021978,0.042353479853479856
1685,0.5400641025641025,0.042353479853479856
1686,0.5396062271062271,0.04246794871794872
1687,0.5392628205128205,0.04246794871794872
1688,0.5385760073260073,0.04281135531135531
1689,0.5381181318681318,0.043154761904761904
1690,0.5369734432234432,0.04338369963369963
1691,0.5358287545787546,0.04281135531135531
1692,0.535485347985348,0.04326923076923077
1693,0.5343406593406593,0.04304029304029304
1694,0.5339972527472527,0.04326923076923077
1695,0.5333104395604396,0.04338369963369963
1696,0.5326236263736264,0.04326923076923077
1697,0.5318223443223443,0.043498168498168496
1698,0.5309065934065934,0.043498168498168496
1699,0.530448717948718,0.04418498168498169
1700,0.528731684981685,0.04361263736263736
1701,0.5283882783882784,0.04395604395604396
1702,0.5274725274725275,0.04384157509157509
1703,0.5260989010989011,0.04326923076923077
1704,0.5260989010989011,0.04338369963369963
1705,0.5258699633699634,0.043498168498168496
1706,0.5252976190476191,0.04361263736263736
1707,0.5248397435897436,0.04395604395604396
1708,0.5242673992673993,0.04384157509157509
1709,0.5235805860805861,0.04429945054945055
1710,0.5216346153846154,0.04338369963369963
1711,0.5212912087912088,0.04452838827838828
1712,0.5192307692307693,0.04338369963369963
1713,0.5184294871794872,0.04338369963369963
1714,0.517742673992674,0.043154761904761904
1715,0.5171703296703297,0.04304029304029304
1716,0.5170558608058609,0.04326923076923077
1717,0.5165979853479854,0.04304029304029304
1718,0.5162545787545788,0.043727106227106224
1719,0.5152243589743589,0.044070512820512824
1720,0.5138507326007326,0.043498168498168496
1721,0.513507326007326,0.04384157509157509
1722,0.512591575091575,0.043498168498168496
1723,0.5116758241758241,0.043498168498168496
1724,0.5107600732600732,0.043154761904761904
1725,0.5105311355311355,0.043498168498168496
1726,0.5099587912087912,0.043498168498168496
1727,0.5093864468864469,0.04361263736263736
1728,0.5084706959706959,0.04326923076923077
1729,0.5081272893772893,0.04338369963369963
1730,0.507554945054945,0.04361263736263736
1731,0.5062957875457875,0.043498168498168496
1732,0.50503663003663,0.04338369963369963
1733,0.5045787545787546,0.04338369963369963
1734,0.5036630036630036,0.04361263736263736
1735,0.5027472527472527,0.04395604395604396
1736,0.5010302197802198,0.04338369963369963
1737,0.5010302197802198,0.04395604395604396
1738,0.5002289377289377,0.044642857142857144
1739,0.49828296703296704,0.043727106227106224
1740,0.49828296703296704,0.04429945054945055
1741,0.49690934065934067,0.04384157509157509
1742,0.4964514652014652,0.04418498168498169
1743,0.4958791208791209,0.04429945054945055
1744,0.4951923076923077,0.04487179487179487
1745,0.4942765567765568,0.044642857142857144
1746,0.493246336996337,0.044413919413919416
1747,0.4926739926739927,0.04429945054945055
1748,0.4918727106227106,0.04487179487179487
1749,0.4908424908424908,0.044986263736263736
1750,0.4892399267399267,0.04475732600732601
1751,0.4880952380952381,0.04452838827838828
1752,0.48717948717948717,0.044642857142857144
1753,0.4867216117216117,0.0451007326007326
1754,0.48569139194139194,0.044642857142857144
1755,0.4854624542124542,0.04475732600732601
1756,0.48466117216117216,0.04452838827838828
1757,0.483974358974359,0.045558608058608056
1758,0.48157051282051283,0.04475732600732601
1759,0.48054029304029305,0.044642857142857144
1760,0.47962454212454214,0.044413919413919416
1761,0.4788232600732601,0.044413919413919416
1762,0.4784798534798535,0.04429945054945055
1763,0.47802197802197804,0.04429945054945055
1764,0.4775641025641026,0.044070512820512824
1765,0.477220695970696,0.044642857142857144
1766,0.47596153846153844,0.04452838827838828
1767,0.4753891941391941,0.044413919413919416
1768,0.4748168498168498,0.04487179487179487
1769,0.4732142857142857,0.04418498168498169
1770,0.4721840659340659,0.04429945054945055
1771,0.47149725274725274,0.044642857142857144
1772,0.4706959706959707,0.0451007326007326
1773,0.46886446886446886,0.044413919413919416
1774,0.46863553113553114,0.04475732600732601
1775,0.4678342490842491,0.04487179487179487
1776,0.4668040293040293,0.044986263736263736
1777,0.4655448717948718,0.0451007326007326
1778,0.4635989010989011,0.04429945054945055
1779,0.46291208791208793,0.04452838827838828
1780,0.461996336996337,0.04429945054945055
1781,0.46188186813186816,0.044642857142857144
1782,0.46096611721611724,0.044642857142857144
1783,0.4595924908424908,0.044070512820512824
1784,0.4593635531135531,0.04475732600732601
1785,0.45787545787545786,0.04429945054945055
1786,0.4574175824175824,0.04475732600732601
1787,0.45661630036630035,0.044413919413919416
1788,0.4554716117216117,0.04429945054945055
1789,0.455242673992674,0.044986263736263736
1790,0.45375457875457875,0.04475732600732601
1791,0.4523809523809524,0.0451007326007326
1792,0.4507783882783883,0.044413919413919416
1793,0.4504349816849817,0.044642857142857144
1794,0.4495192307692308,0.0451007326007326
1795,0.44837454212454214,0.04487179487179487
1796,0.4468864468864469,0.04429945054945055
1797,0.4461996336996337,0.044986263736263736
1798,0.44459706959706957,0.044413919413919416
1799,0.44368131868131866,0.04429945054945055
1800,0.44333791208791207,0.04429945054945055
1801,0.44310897435897434,0.044413919413919416
1802,0.4426510989010989,0.044642857142857144
1803,0.44207875457875456,0.04429945054945055
1804,0.44150641025641024,0.04452838827838828
1805,0.4409340659340659,0.04452838827838828
1806,0.43990384615384615,0.04429945054945055
1807,0.4397893772893773,0.04418498168498169
1808,0.4396749084249084,0.044986263736263736
1809,0.4378434065934066,0.04452838827838828
1810,0.4375,0.04475732600732601
1811,0.4368131868131868,0.04475732600732601
1812,0.4358974358974359,0.044986263736263736
1813,0.43509615384615385,0.044986263736263736
1814,0.43452380952380953,0.0451007326007326
1815,0.43315018315018317,0.04544413919413919
1816,0.43166208791208793,0.04487179487179487
1817,0.4310897435897436,0.045558608058608056
1818,0.42925824175824173,0.04487179487179487
1819,0.42891483516483514,0.04567307692307692
1820,0.4271978021978022,0.0451007326007326
1821,0.4267399267399267,0.04532967032967033
1822,0.42639652014652013,0.045558608058608056
1823,0.4251373626373626,0.045558608058608056
1824,0.423992673992674,0.04544413919413919
1825,0.42284798534798534,0.0451007326007326
1826,0.4223901098901099,0.0451007326007326
1827,0.42181776556776557,0.045558608058608056
1828,0.4207875457875458,0.04567307692307692
1829,0.4194139194139194,0.045787545787545784
1830,0.41804029304029305,0.044986263736263736
1831,0.41746794871794873,0.044986263736263736
1832,0.4166666666666667,0.045215201465201464
1833,0.4154075091575092,0.04475732600732601
1834,0.41460622710622713,0.04532967032967033
1835,0.4128891941391941,0.04452838827838828
1836,0.41243131868131866,0.04452838827838828
1837,0.41185897435897434,0.044642857142857144
1838,0.4110576923076923,0.044642857142857144
1839,0.4100274725274725,0.044413919413919416
1840,0.40991300366300365,0.044413919413919416
1841,0.4096840659340659,0.044413919413919416
1842,0.40922619047619047,0.04487179487179487
1843,0.40773809523809523,0.044413919413919416
1844,0.4071657509157509,0.044413919413919416
1845,0.4069368131868132,0.04429945054945055
1846,0.40647893772893773,0.04429945054945055
1847,0.4059065934065934,0.044642857142857144
1848,0.40487637362637363,0.04452838827838828
1849,0.40384615384615385,0.04475732600732601
1850,0.4024725274725275,0.04418498168498169
1851,0.40201465201465203,0.04487179487179487
1852,0.40006868131868134,0.04418498168498169
1853,0.3992673992673993,0.04395604395604396
1854,0.3989239926739927,0.04429945054945055
1855,0.3981227106227106,0.044642857142857144
1856,0.3972069597069597,0.044642857142857144
1857,0.39606227106227104,0.04429945054945055
1858,0.39503205128205127,0.04429945054945055
1859,0.39445970695970695,0.04418498168498169
1860,0.3940018315018315,0.045215201465201464
1861,0.39194139194139194,0.044070512820512824
1862,0.3914835164835165,0.04429945054945055
1863,0.39033882783882784,0.044413919413919416
1864,0.3895375457875458,0.044070512820512824
1865,0.38896520146520147,0.044413919413919416
1866,0.38804945054945056,0.04452838827838828
1867,0.3873626373626374,0.04532967032967033
1868,0.3857600732600733,0.044413919413919416
1869,0.38484432234432236,0.04452838827838828
1870,0.3840430402930403,0.04475732600732601
1871,0.3828983516483517,0.044413919413919416
1872,0.3823260073260073,0.04429945054945055
1873,0.38118131868131866,0.04429945054945055
1874,0.3804945054945055,0.04429945054945055
1875,0.37992216117216115,0.04418498168498169
1876,0.37900641025641024,0.04429945054945055
1877,0.3782051282051282,0.04418498168498169
1878,0.3772893772893773,0.043727106227106224
1879,0.3769459706959707,0.04361263736263736
1880,0.3768315018315018,0.04395604395604396
1881,0.37511446886446886,0.04361263736263736
1882,0.3739697802197802,0.043154761904761904
1883,0.37328296703296704,0.042925824175824176
1884,0.3728250915750916,0.04281135531135531
1885,0.37259615384615385,0.04281135531135531
1886,0.37202380952380953,0.04304029304029304
1887,0.37133699633699635,0.043154761904761904
1888,0.3705357142857143,0.04269688644688645
1889,0.36996336996337,0.042582417582417584
1890,0.3695054945054945,0.042925824175824176
1891,0.36790293040293043,0.042353479853479856
1892,0.36721611721611724,0.04212454212454213
1893,0.36675824175824173,0.04246794871794872
1894,0.3652701465201465,0.042010073260073263
1895,0.36481227106227104,0.042010073260073263
1896,0.36378205128205127,0.04189560439560439
1897,0.36286630036630035,0.041666666666666664
1898,0.3624084249084249,0.042010073260073263
1899,0.3613782051282051,0.042010073260073263
1900,0.3605769230769231,0.041666666666666664
1901,0.3601190476190476,0.04246794871794872
1902,0.35782967032967034,0.04120879120879121
1903,0.35748626373626374,0.04120879120879121
1904,0.3569139194139194,0.040865384615384616
1905,0.35679945054945056,0.041094322344322344
1906,0.35622710622710624,0.041666666666666664
1907,0.354739010989011,0.041094322344322344
1908,0.3540521978021978,0.041666666666666664
1909,0.35199175824175827,0.04132326007326007
1910,0.35061813186813184,0.04097985347985348
1911,0.34993131868131866,0.040865384615384616
1912,0.3491300366300366,0.040865384615384616
1913,0.3482142857142857,0.04075091575091575
1914,0.3475274725274725,0.040521978021978024
1915,0.34672619047619047,0.040521978021978024
1916,0.3459249084249084,0.04006410256410257
1917,0.3455815018315018,0.04040750915750916
1918,0.34489468864468864,0.04017857142857143
1919,0.34397893772893773,0.03972069597069597
1920,0.34397893772893773,0.04006410256410257
1921,0.3430631868131868,0.040521978021978024
1922,0.3418040293040293,0.03983516483516483
1923,0.3408882783882784,0.03983516483516483
1924,0.3398580586080586,0.03926282051282051
1925,0.3396291208791209,0.03926282051282051
1926,0.33940018315018317,0.03972069597069597
1927,0.33814102564102566,0.03926282051282051
1928,0.33779761904761907,0.03983516483516483
1929,0.33573717948717946,0.03891941391941392
1930,0.33539377289377287,0.03891941391941392
1931,0.3349358974358974,0.03891941391941392
1932,0.3340201465201465,0.0383470695970696
1933,0.3333333333333333,0.038461538461538464
1934,0.33195970695970695,0.038003663003663
1935,0.33104395604395603,0.038003663003663
1936,0.3301282051282051,0.037545787545787544
1937,0.3298992673992674,0.03811813186813187
1938,0.3288690476190476,0.037316849816849816
1939,0.32875457875457875,0.03743131868131868
1940,0.32818223443223443,0.037545787545787544
1941,0.3276098901098901,0.03766025641025641
1942,0.326007326007326,0.036973443223443224
1943,0.32532051282051283,0.03651556776556777
1944,0.3248626373626374,0.036401098901098904
1945,0.32463369963369965,0.036401098901098904
1946,0.3244047619047619,0.036744505494505496
1947,0.3231456043956044,0.036057692307692304
1948,0.32303113553113555,0.036057692307692304
1949,0.32234432234432236,0.036401098901098904
1950,0.3211996336996337,0.036401098901098904
1951,0.31959706959706957,0.03571428571428571
1952,0.31936813186813184,0.03594322344322344
1953,0.3185668498168498,0.03594322344322344
1954,0.31742216117216115,0.03571428571428571
1955,0.31650641025641024,0.03537087912087912
1956,0.31581959706959706,0.03537087912087912
1957,0.31524725274725274,0.035256410256410256
1958,0.3147893772893773,0.03502747252747253
1959,0.3143315018315018,0.03502747252747253
1960,0.3141025641025641,0.03537087912087912
1961,0.31330128205128205,0.035256410256410256
1962,0.3121565934065934,0.03502747252747253
1963,0.31169871794871795,0.03502747252747253
1964,0.31112637362637363,0.034913003663003664
1965,0.31078296703296704,0.0347985347985348
1966,0.3106684981684982,0.035256410256410256
1967,0.30940934065934067,0.034913003663003664
1968,0.3089514652014652,0.0347985347985348
1969,0.3087225274725275,0.035256410256410256
1970,0.30666208791208793,0.03445512820512821
1971,0.3062042124542125,0.034684065934065936
1972,0.3048305860805861,0.03422619047619048
1973,0.3043727106227106,0.034340659340659344
1974,0.30357142857142855,0.03456959706959707
1975,0.3020833333333333,0.03411172161172161
1976,0.3011675824175824,0.03365384615384615
1977,0.3004807692307692,0.03353937728937729
1978,0.2999084249084249,0.03353937728937729
1979,0.29945054945054944,0.03353937728937729
1980,0.298992673992674,0.03365384615384615
1981,0.29784798534798534,0.033195970695970696
1982,0.2973901098901099,0.033195970695970696
1983,0.29681776556776557,0.032852564102564104
1984,0.29658882783882784,0.03296703296703297
1985,0.29590201465201466,0.03296703296703297
1986,0.2954441391941392,0.033195970695970696
1987,0.2944139194139194,0.032623626373626376
1988,0.29407051282051283,0.03239468864468865
1989,0.29407051282051283,0.03296703296703297
1990,0.29269688644688646,0.03250915750915751
1991,0.29212454212454214,0.03216575091575091
1992,0.29212454212454214,0.03239468864468865
1993,0.2915521978021978,0.032280219780219783
1994,0.2904075091575092,0.03216575091575091
1995,0.28960622710622713,0.031936813186813184
1996,0.28869047619047616,0.031707875457875456
1997,0.28777472527472525,0.031021062271062272
1998,0.2876602564102564,0.031364468864468864
1999,0.28685897435897434,0.031135531135531136
2000,0.28628663003663,0.031135531135531136
2001,0.28548534798534797,0.031364468864468864
2002,0.28422619047619047,0.030792124542124544
2003,0.28399725274725274,0.031021062271062272
2004,0.2835393772893773,0.031021062271062272
2005,0.28296703296703296,0.030792124542124544
2006,0.28273809523809523,0.031364468864468864
2007,0.28136446886446886,0.031135531135531136
2008,0.28102106227106227,0.03125
2009,0.2806776556776557,0.031021062271062272
2010,0.28010531135531136,0.031364468864468864
2011,0.27827380952380953,0.030906593406593408
2012,0.2774725274725275,0.030677655677655676
2013,0.27724358974358976,0.030906593406593408
2014,0.27621336996337,0.030677655677655676
2015,0.27564102564102566,0.030448717948717948
2016,0.2749542124542125,0.030677655677655676
2017,0.2739239926739927,0.030105311355311356
2018,0.27346611721611724,0.02976190476190476
2019,0.27323717948717946,0.02976190476190476
2020,0.2731227106227106,0.02976190476190476
2021,0.272779304029304,0.029647435897435896
2022,0.2722069597069597,0.029647435897435896
2023,0.27129120879120877,0.028846153846153848
2024,0.27106227106227104,0.029075091575091576
2025,0.27037545787545786,0.028617216117216116
2026,0.270260989010989,0.028502747252747252
2027,0.2699175824175824,0.02873168498168498
2028,0.2692307692307692,0.028388278388278388
2029,0.26877289377289376,0.028960622710622712
2030,0.2676282051282051,0.028273809523809524
2031,0.26728479853479853,0.028044871794871796
2032,0.2670558608058608,0.028044871794871796
2033,0.2667124542124542,0.027930402930402932
2034,0.266025641025641,0.027815934065934064
2035,0.2654532967032967,0.027930402930402932
2036,0.26396520146520147,0.027815934065934064
2037,0.26304945054945056,0.027358058608058608
2038,0.26213369963369965,0.027243589743589744
2039,0.26110347985347987,0.026785714285714284
2040,0.26087454212454214,0.026900183150183152
2041,0.26053113553113555,0.02712912087912088
2042,0.26018772893772896,0.027358058608058608
2043,0.2591575091575092,0.026900183150183152
2044,0.2590430402930403,0.02712912087912088
2045,0.2588141025641026,0.027472527472527472
2046,0.2578983516483517,0.027243589743589744
2047,0.2573260073260073,0.027014652014652016
2048,0.25721153846153844,0.02712912087912088
2049,0.2566391941391941,0.027014652014652016
2050,0.2564102564102564,0.027358058608058608
2051,0.25560897435897434,0.028273809523809524
2052,0.2528617216117216,0.026900183150183152
2053,0.2526327838827839,0.027014652014652016
2054,0.25240384615384615,0.02712912087912088
2055,0.2519459706959707,0.027243589743589744
2056,0.25114468864468864,0.027014652014652016
2057,0.2506868131868132,0.027243589743589744
2058,0.2496565934065934,0.02712912087912088
2059,0.24885531135531136,0.026556776556776556
2060,0.2487408424908425,0.02667124542124542
2061,0.24851190476190477,0.02667124542124542
2062,0.2483974358974359,0.026900183150183152
2063,0.24759615384615385,0.026556776556776556
2064,0.24645146520146521,0.025984432234432236
2065,0.24610805860805862,0.026213369963369964
2066,0.2454212454212454,0.025869963369963368
2067,0.2448489010989011,0.025526556776556776
2068,0.2441620879120879,0.025297619047619048
2069,0.2438186813186813,0.025297619047619048
2070,0.24358974358974358,0.025412087912087912
2071,0.24313186813186813,0.02506868131868132
2072,0.2429029304029304,0.02564102564102564
2073,0.24187271062271062,0.025297619047619048
2074,0.24118589743589744,0.024954212454212456
2075,0.24118589743589744,0.025183150183150184
2076,0.24049908424908426,0.024954212454212456
2077,0.2396978021978022,0.024839743589743588
2078,0.2384386446886447,0.02403846153846154
2079,0.23832417582417584,0.024381868131868132
2080,0.23763736263736263,0.024152930402930404
2081,0.2367216117216117,0.023809523809523808
2082,0.23637820512820512,0.023809523809523808
2083,0.23626373626373626,0.023923992673992672
2084,0.23603479853479853,0.023923992673992672
2085,0.23569139194139194,0.023923992673992672
2086,0.23511904761904762,0.023695054945054944
2087,0.23500457875457875,0.024267399267399268
2088,0.2342032967032967,0.02403846153846154
2089,0.23397435897435898,0.023923992673992672
2090,0.23374542124542125,0.023695054945054944
2091,0.23351648351648352,0.023809523809523808
2092,0.23317307692307693,0.023695054945054944
2093,0.2329441391941392,0.023695054945054944
2094,0.2326007326007326,0.024839743589743588
2095,0.23054029304029305,0.023809523809523808
2096,0.23019688644688643,0.023923992673992672
2097,0.22973901098901098,0.024152930402930404
2098,0.2287087912087912,0.023809523809523808
2099,0.22847985347985347,0.024725274725274724
2100,0.22687728937728938,0.024152930402930404
2101,0.22607600732600733,0.024267399267399268
2102,0.22470238095238096,0.02358058608058608
2103,0.22470238095238096,0.023695054945054944
2104,0.22447344322344323,0.02358058608058608
2105,0.22447344322344323,0.02358058608058608
2106,0.22413003663003664,0.02358058608058608
2107,0.22367216117216118,0.02358058608058608
2108,0.22309981684981686,0.023695054945054944
2109,0.22241300366300365,0.023237179487179488
2110,0.22218406593406592,0.023122710622710624
2111,0.2219551282051282,0.023237179487179488
2112,0.2216117216117216,0.023237179487179488
2113,0.221268315018315,0.023122710622710624
2114,0.22115384615384615,0.023237179487179488
2115,0.2206959706959707,0.02300824175824176
2116,0.2206959706959707,0.023351648351648352
2117,0.2200091575091575,0.024267399267399268
2118,0.2178342490842491,0.022779304029304028
2119,0.2178342490842491,0.022779304029304028
2120,0.2174908424908425,0.022779304029304028
2121,0.21646062271062272,0.022779304029304028
2122,0.2155448717948718,0.02358058608058608
2123,0.21348443223443223,0.0225503663003663
2124,0.2125686813186813,0.022206959706959708
2125,0.211996336996337,0.022206959706959708
2126,0.2116529304029304,0.022206959706959708
2127,0.21142399267399267,0.022206959706959708
2128,0.21119505494505494,0.022321428571428572
2129,0.21062271062271062,0.022206959706959708
2130,0.21016483516483517,0.022435897435897436
2131,0.20959249084249085,0.022092490842490844
2132,0.20959249084249085,0.022206959706959708
2133,0.2091346153846154,0.02197802197802198
2134,0.20902014652014653,0.022206959706959708
2135,0.20810439560439561,0.021749084249084248
2136,0.20810439560439561,0.02197802197802198
2137,0.20776098901098902,0.02197802197802198
2138,0.2071886446886447,0.022206959706959708
2139,0.2061584249084249,0.022206959706959708
2140,0.2048992673992674,0.021863553113553112
2141,0.20432692307692307,0.021749084249084248
2142,0.20409798534798534,0.021863553113553112
2143,0.20375457875457875,0.021749084249084248
2144,0.20318223443223443,0.021749084249084248
2145,0.20226648351648352,0.022206959706959708
2146,0.19986263736263737,0.020718864468864468
2147,0.19963369963369965,0.021176739926739928
2148,0.19894688644688643,0.020833333333333332
2149,0.19883241758241757,0.020833333333333332
2150,0.19826007326007325,0.020833333333333332
2151,0.19768772893772893,0.020947802197802196
2152,0.19700091575091574,0.02048992673992674
2153,0.19665750915750915,0.020375457875457876
2154,0.19665750915750915,0.020604395604395604
2155,0.19642857142857142,0.020718864468864468
2156,0.19608516483516483,0.020718864468864468
2157,0.19562728937728938,0.020604395604395604
2158,0.19516941391941392,0.02048992673992674
2159,0.19516941391941392,0.020833333333333332
2160,0.19471153846153846,0.020375457875457876
2161,0.19471153846153846,0.020718864468864468
2162,0.19402472527472528,0.021291208791208792
2163,0.19219322344322345,0.020032051282051284
2164,0.19219322344322345,0.020375457875457876
2165,0.19184981684981686,0.020833333333333332
2166,0.19116300366300365,0.020718864468864468
2167,0.1903617216117216,0.021062271062271064
2168,0.1891025641025641,0.020718864468864468
2169,0.18853021978021978,0.020833333333333332
2170,0.1875,0.021062271062271064
2171,0.18646978021978022,0.02048992673992674
2172,0.18635531135531136,0.020604395604395604
2173,0.1858974358974359,0.020260989010989012
2174,0.1858974358974359,0.020375457875457876
2175,0.18543956043956045,0.020260989010989012
2176,0.18521062271062272,0.020146520146520148
2177,0.18521062271062272,0.020260989010989012
2178,0.184981684981685,0.020375457875457876
2179,0.18418040293040294,0.019803113553113552
2180,0.18406593406593408,0.019803113553113552
2181,0.18406593406593408,0.020260989010989012
2182,0.183264652014652,0.020260989010989012
2183,0.18280677655677655,0.020260989010989012
2184,0.1823489010989011,0.020375457875457876
2185,0.18189102564102563,0.020604395604395604
2186,0.18108974358974358,0.02048992673992674
2187,0.17994505494505494,0.020146520146520148
2188,0.1794871794871795,0.020375457875457876
2189,0.17834249084249085,0.020032051282051284
2190,0.17742673992673993,0.019688644688644688
2191,0.1762820512820513,0.01945970695970696
2192,0.17559523809523808,0.019116300366300368
2193,0.17479395604395603,0.019574175824175824
2194,0.17353479853479853,0.019574175824175824
2195,0.17261904761904762,0.019230769230769232
2196,0.17250457875457875,0.019574175824175824
2197,0.1720467032967033,0.019345238095238096
2198,0.17193223443223443,0.01945970695970696
2199,0.1717032967032967,0.019688644688644688
2200,0.17113095238095238,0.019574175824175824
2201,0.1707875457875458,0.019574175824175824
2202,0.17055860805860806,0.01945970695970696
2203,0.1704441391941392,0.01945970695970696
2204,0.17032967032967034,0.019688644688644688
2205,0.1701007326007326,0.020146520146520148
2206,0.16907051282051283,0.019574175824175824
2207,0.16872710622710624,0.019803113553113552
2208,0.16815476190476192,0.019688644688644688
2209,0.16735347985347984,0.019345238095238096
2210,0.16701007326007325,0.019917582417582416
2211,0.1658653846153846,0.019688644688644688
2212,0.1652930402930403,0.020032051282051284
2213,0.16391941391941392,0.019345238095238096
2214,0.1633470695970696,0.019574175824175824
2215,0.16266025641025642,0.020260989010989012
2216,0.1614010989010989,0.019917582417582416
2217,0.16059981684981686,0.019574175824175824
2218,0.16037087912087913,0.020604395604395604
2219,0.15808150183150182,0.019230769230769232
2220,0.1578525641025641,0.019230769230769232
2221,0.15773809523809523,0.019230769230769232
2222,0.15739468864468864,0.019116300366300368
2223,0.15728021978021978,0.0190018315018315
2224,0.15682234432234432,0.0190018315018315
2225,0.1565934065934066,0.018887362637362636
2226,0.1565934065934066,0.018887362637362636
2227,0.1565934065934066,0.0190018315018315
2228,0.15647893772893773,0.019688644688644688
2229,0.1553342490842491,0.0190018315018315
2230,0.1549908424908425,0.0190018315018315
2231,0.15453296703296704,0.019116300366300368
2232,0.153731684981685,0.019116300366300368
2233,0.15270146520146521,0.018543956043956044
2234,0.15258699633699635,0.019345238095238096
2235,0.15052655677655677,0.017857142857142856
2236,0.15018315018315018,0.017857142857142856
2237,0.14938186813186813,0.017857142857142856
2238,0.14858058608058608,0.017284798534798536
2239,0.14858058608058608,0.01842948717948718
2240,0.1462912087912088,0.018086080586080588
2241,0.1450320512820513,0.017628205128205128
2242,0.14445970695970695,0.018200549450549452
2243,0.14285714285714285,0.017170329670329672
2244,0.14285714285714285,0.017513736263736264
2245,0.1423992673992674,0.017284798534798536
2246,0.1423992673992674,0.017513736263736264
2247,0.14217032967032966,0.0173992673992674
2248,0.14217032967032966,0.017513736263736264
2249,0.14182692307692307,0.0173992673992674
2250,0.1417124542124542,0.0173992673992674
2251,0.1417124542124542,0.017742673992673992
2252,0.14091117216117216,0.01797161172161172
2253,0.13999542124542125,0.017628205128205128
2254,0.1395375457875458,0.017284798534798536
2255,0.1391941391941392,0.017284798534798536
2256,0.1388507326007326,0.017628205128205128
2257,0.13804945054945056,0.01797161172161172
2258,0.13690476190476192,0.017857142857142856
2259,0.13598901098901098,0.017513736263736264
2260,0.13541666666666666,0.0173992673992674
2261,0.13507326007326007,0.018086080586080588
2262,0.13415750915750915,0.017628205128205128
2263,0.1336996336996337,0.018086080586080588
2264,0.13255494505494506,0.01797161172161172
2265,0.13152472527472528,0.018315018315018316
2266,0.13003663003663005,0.017857142857142856
2267,0.129235347985348,0.0173992673992674
2268,0.12877747252747251,0.0173992673992674
2269,0.1282051282051282,0.01694139194139194
2270,0.1282051282051282,0.017170329670329672
2271,0.1278617216117216,0.017170329670329672
2272,0.12763278388278387,0.017055860805860804
2273,0.127518315018315,0.017055860805860804
2274,0.127518315018315,0.017170329670329672
2275,0.12740384615384615,0.017055860805860804
2276,0.12740384615384615,0.017513736263736264
2277,0.12637362637362637,0.017170329670329672
2278,0.12568681318681318,0.016712454212454212
2279,0.12568681318681318,0.017284798534798536
2280,0.12419871794871795,0.01636904761904762
2281,0.12385531135531136,0.016826923076923076
2282,0.12282509157509157,0.017055860805860804
2283,0.12099358974358974,0.01591117216117216
2284,0.12076465201465202,0.016140109890109892
2285,0.1201923076923077,0.016025641025641024
2286,0.11927655677655678,0.01591117216117216
2287,0.11881868131868131,0.016597985347985348
2288,0.11755952380952381,0.016597985347985348
2289,0.1163003663003663,0.016254578754578756
2290,0.11572802197802198,0.016826923076923076
2291,0.11366758241758242,0.015453296703296704
2292,0.11355311355311355,0.015453296703296704
2293,0.11355311355311355,0.015567765567765568
2294,0.11320970695970696,0.015224358974358974
2295,0.1130952380952381,0.015338827838827838
2296,0.1127518315018315,0.015224358974358974
2297,0.11252289377289378,0.015338827838827838
2298,0.11229395604395605,0.015224358974358974
2299,0.11217948717948718,0.015224358974358974
2300,0.11217948717948718,0.01591117216117216
2301,0.11103479853479853,0.014995421245421246
2302,0.11103479853479853,0.015453296703296704
2303,0.11057692307692307,0.015567765567765568
2304,0.10989010989010989,0.015224358974358974
2305,0.1095467032967033,0.015453296703296704
2306,0.10874542124542125,0.01510989010989011
2307,0.1079441391941392,0.01510989010989011
2308,0.107257326007326,0.01510989010989011
2309,0.10657051282051282,0.015567765567765568
2310,0.1056547619047619,0.014995421245421246
2311,0.10542582417582418,0.015682234432234432
2312,0.10370879120879122,0.01510989010989011
2313,0.10290750915750915,0.015453296703296704
2314,0.10141941391941392,0.01510989010989011
2315,0.10050366300366301,0.014537545787545788
2316,0.10050366300366301,0.014537545787545788
2317,0.10050366300366301,0.014766483516483516
2318,0.10027472527472528,0.01488095238095238
2319,0.09993131868131869,0.014766483516483516
2320,0.09981684981684982,0.014766483516483516
2321,0.09970238095238096,0.01488095238095238
2322,0.09958791208791208,0.014995421245421246
2323,0.09947344322344322,0.01510989010989011
2324,0.09913003663003662,0.01488095238095238
2325,0.09878663003663003,0.01510989010989011
2326,0.09809981684981685,0.014537545787545788
2327,0.09809981684981685,0.014995421245421246
2328,0.0972985347985348,0.014766483516483516
2329,0.09695512820512821,0.015224358974358974
2330,0.09592490842490843,0.014537545787545788
2331,0.09558150183150182,0.014308608058608058
2332,0.09546703296703296,0.014995421245421246
2333,0.09340659340659341,0.014652014652014652
2334,0.09226190476190477,0.014537545787545788
2335,0.09134615384615384,0.014194139194139194
2336,0.09065934065934066,0.01407967032967033
2337,0.09043040293040293,0.014766483516483516
2338,0.08848443223443224,0.013392857142857142
2339,0.08836996336996338,0.0138507326007326
2340,0.08768315018315018,0.013392857142857142
2341,0.08756868131868131,0.013621794871794872
2342,0.08733974358974358,0.013736263736263736
2343,0.08676739926739926,0.013278388278388278
2344,0.08676739926739926,0.013278388278388278
2345,0.08676739926739926,0.013507326007326008
2346,0.08630952380952381,0.013621794871794872
2347,0.08596611721611722,0.013736263736263736
2348,0.08573717948717949,0.013965201465201466
2349,0.0850503663003663,0.013621794871794872
2350,0.08482142857142858,0.013621794871794872
2351,0.08424908424908426,0.013392857142857142
2352,0.08402014652014653,0.0138507326007326
2353,0.08333333333333333,0.013621794871794872
2354,0.08287545787545787,0.013392857142857142
2355,0.08241758241758242,0.013507326007326008
2356,0.08173076923076923,0.013163919413919414
2357,0.0815018315018315,0.013507326007326008
2358,0.080242673992674,0.012934981684981684
2359,0.07932692307692307,0.01282051282051282
2360,0.0782967032967033,0.012591575091575092
2361,0.07783882783882784,0.013163919413919414
2362,0.0766941391941392,0.01304945054945055
2363,0.07577838827838827,0.012591575091575092
2364,0.07520604395604395,0.012248168498168498
2365,0.07509157509157509,0.012248168498168498
2366,0.07497710622710622,0.01282051282051282
2367,0.07417582417582418,0.012477106227106228
2368,0.07406135531135531,0.012362637362637362
2369,0.07406135531135531,0.012362637362637362
2370,0.07406135531135531,0.012591575091575092
2371,0.07360347985347986,0.012934981684981684
2372,0.07268772893772894,0.012591575091575092
2373,0.07211538461538461,0.012133699633699634
2374,0.07211538461538461,0.012248168498168498
2375,0.07154304029304029,0.01179029304029304
2376,0.07154304029304029,0.012248168498168498
2377,0.07074175824175824,0.012133699633699634
2378,0.06994047619047619,0.01179029304029304
2379,0.0695970695970696,0.011561355311355312
2380,0.0695970695970696,0.01201923076923077
2381,0.06868131868131869,0.011446886446886446
2382,0.06868131868131869,0.01201923076923077
2383,0.06799450549450549,0.012133699633699634
2384,0.0673076923076923,0.011904761904761904
2385,0.06673534798534798,0.012477106227106228
2386,0.06490384615384616,0.011675824175824176
2387,0.06398809523809523,0.011103479853479854
2388,0.06364468864468864,0.011332417582417582
2389,0.06295787545787546,0.010874542124542124
2390,0.06284340659340659,0.01098901098901099
2391,0.0625,0.01098901098901099
2392,0.06192765567765568,0.011103479853479854
2393,0.061469780219780217,0.01076007326007326
2394,0.061469780219780217,0.01076007326007326
2395,0.06135531135531135,0.01076007326007326
2396,0.06135531135531135,0.011446886446886446
2397,0.06021062271062271,0.011561355311355312
2398,0.059065934065934064,0.010645604395604396
2399,0.059065934065934064,0.010645604395604396
2400,0.059065934065934064,0.01076007326007326
2401,0.05872252747252747,0.010645604395604396
2402,0.058493589743589744,0.01098901098901099
2403,0.05746336996336996,0.010302197802197802
2404,0.057348901098901096,0.010416666666666666
2405,0.057005494505494504,0.010302197802197802
2406,0.05666208791208791,0.010187728937728938
2407,0.05666208791208791,0.01098901098901099
2408,0.054716117216117216,0.009386446886446886
2409,0.054716117216117216,0.009958791208791208
2410,0.05391483516483517,0.009844322344322344
2411,0.05311355311355311,0.009844322344322344
2412,0.05185439560439561,0.008814102564102564
2413,0.05185439560439561,0.009043040293040294
2414,0.05128205128205128,0.0086996336996337
2415,0.05128205128205128,0.008928571428571428
2416,0.05093864468864469,0.009043040293040294
2417,0.05070970695970696,0.009157509157509158
2418,0.050251831501831504,0.008814102564102564
2419,0.050251831501831504,0.008814102564102564
2420,0.05013736263736264,0.008814102564102564
2421,0.05013736263736264,0.009043040293040294
2422,0.04956501831501831,0.009386446886446886
2423,0.048191391941391944,0.00847069597069597
2424,0.048191391941391944,0.00847069597069597
2425,0.048191391941391944,0.008585164835164836
2426,0.04807692307692308,0.008928571428571428
2427,0.047275641025641024,0.00847069597069597
2428,0.047046703296703296,0.008356227106227106
2429,0.047046703296703296,0.0086996336996337
2430,0.046474358974358976,0.008241758241758242
2431,0.046474358974358976,0.008241758241758242
2432,0.046474358974358976,0.008356227106227106
2433,0.046130952380952384,0.008814102564102564
2434,0.045558608058608056,0.00847069597069597
2435,0.045558608058608056,0.008928571428571428
2436,0.044642857142857144,0.0086996336996337
2437,0.04395604395604396,0.008585164835164836
2438,0.04304029304029304,0.008127289377289378
2439,0.042925824175824176,0.008241758241758242
2440,0.042582417582417584,0.007898351648351648
2441,0.042582417582417584,0.008012820512820512
2442,0.04246794871794872,0.00847069597069597
2443,0.04189560439560439,0.008356227106227106
2444,0.04132326007326007,0.008012820512820512
2445,0.04132326007326007,0.008012820512820512
2446,0.04132326007326007,0.008127289377289378
2447,0.04120879120879121,0.008241758241758242
2448,0.041094322344322344,0.0086996336996337
2449,0.04017857142857143,0.008012820512820512
2450,0.04017857142857143,0.008127289377289378
2451,0.04006410256410257,0.008241758241758242
2452,0.03949175824175824,0.008127289377289378
2453,0.03891941391941392,0.007898351648351648
2454,0.03857600732600733,0.007783882783882784
2455,0.0383470695970696,0.007669413919413919
2456,0.0383470695970696,0.007783882783882784
2457,0.03811813186813187,0.007898351648351648
2458,0.03720238095238095,0.006982600732600733
2459,0.03720238095238095,0.006982600732600733
2460,0.03720238095238095,0.007211538461538462
2461,0.03685897435897436,0.007211538461538462
2462,0.036401098901098904,0.00744047619047619
2463,0.03514194139194139,0.00641025641025641
2464,0.03514194139194139,0.006524725274725275
2465,0.03502747252747253,0.006524725274725275
2466,0.034913003663003664,0.006639194139194139
2467,0.0347985347985348,0.006639194139194139
2468,0.034684065934065936,0.007211538461538462
2469,0.033424908424908424,0.00641025641025641
2470,0.03331043956043956,0.00641025641025641
2471,0.03331043956043956,0.006639194139194139
2472,0.03296703296703297,0.00641025641025641
2473,0.032852564102564104,0.006524725274725275
2474,0.03273809523809524,0.006868131868131868
2475,0.031936813186813184,0.006295787545787546
2476,0.031936813186813184,0.006295787545787546
2477,0.03182234432234432,0.006753663003663004
2478,0.031135531135531136,0.006181318681318681
2479,0.031135531135531136,0.006295787545787546
2480,0.030792124542124544,0.005952380952380952
2481,0.030792124542124544,0.005952380952380952
2482,0.030792124542124544,0.006524725274725275
2483,0.03021978021978022,0.006181318681318681
2484,0.03021978021978022,0.006181318681318681
2485,0.03021978021978022,0.00641025641025641
2486,0.029876373626373628,0.006066849816849817
2487,0.029876373626373628,0.006295787545787546
2488,0.029304029304029304,0.006181318681318681
2489,0.028846153846153848,0.005952380952380952
2490,0.02873168498168498,0.005952380952380952
2491,0.02873168498168498,0.00641025641025641
2492,0.02815934065934066,0.006066849816849817
2493,0.02815934065934066,0.006181318681318681
2494,0.028044871794871796,0.006639194139194139
2495,0.02712912087912088,0.005952380952380952
2496,0.02712912087912088,0.006181318681318681
2497,0.026785714285714284,0.006066849816849817
2498,0.02667124542124542,0.006181318681318681
2499,0.026442307692307692,0.00641025641025641
2500,0.025869963369963368,0.006066849816849817
2501,0.025526556776556776,0.005837912087912088
2502,0.025526556776556776,0.006295787545787546
2503,0.024725274725274724,0.005608974358974359
2504,0.024725274725274724,0.005608974358974359
2505,0.024725274725274724,0.005608974358974359
2506,0.024725274725274724,0.005608974358974359
2507,0.024725274725274724,0.005952380952380952
2508,0.023809523809523808,0.005036630036630037
2509,0.023809523809523808,0.005036630036630037
2510,0.023809523809523808,0.005151098901098901
2511,0.02358058608058608,0.005036630036630037
2512,0.023466117216117216,0.004922161172161172
2513,0.023466117216117216,0.005265567765567766
2514,0.022779304029304028,0.004578754578754579
2515,0.022779304029304028,0.004578754578754579
2516,0.022664835164835164,0.004578754578754579
2517,0.022664835164835164,0.004922161172161172
2518,0.022206959706959708,0.004922161172161172
2519,0.021749084249084248,0.004578754578754579
2520,0.021634615384615384,0.004693223443223443
2521,0.021291208791208792,0.004807692307692308
2522,0.020833333333333332,0.004578754578754579
2523,0.020604395604395604,0.004807692307692308
2524,0.019917582417582416,0.00434981684981685
2525,0.019803113553113552,0.004693223443223443
2526,0.0190018315018315,0.004120879120879121
2527,0.0190018315018315,0.004235347985347985
2528,0.018658424908424908,0.004120879120879121
2529,0.01842948717948718,0.004006410256410256
2530,0.01842948717948718,0.004006410256410256
2531,0.01842948717948718,0.004006410256410256
2532,0.01842948717948718,0.004006410256410256
2533,0.01842948717948718,0.004006410256410256
2534,0.01842948717948718,0.004006410256410256
2535,0.01842948717948718,0.004006410256410256
2536,0.01842948717948718,0.004120879120879121
2537,0.018200549450549452,0.003891941391941392
2538,0.018200549450549452,0.004006410256410256
2539,0.01797161172161172,0.004120879120879121
2540,0.017628205128205128,0.003891941391941392
2541,0.017628205128205128,0.003891941391941392
2542,0.017513736263736264,0.003891941391941392
2543,0.017513736263736264,0.003891941391941392
2544,0.017513736263736264,0.004120879120879121
2545,0.017055860805860804,0.004693223443223443
2546,0.016025641025641024,0.004120879120879121
2547,0.015796703296703296,0.004006410256410256
2548,0.015453296703296704,0.0037774725274725275
2549,0.015453296703296704,0.0037774725274725275
2550,0.015453296703296704,0.00434981684981685
2551,0.014652014652014652,0.0037774725274725275
2552,0.014537545787545788,0.0037774725274725275
2553,0.014194139194139194,0.003663003663003663
2554,0.0138507326007326,0.0033195970695970695
2555,0.0138507326007326,0.0033195970695970695
2556,0.0138507326007326,0.0033195970695970695
2557,0.0138507326007326,0.0033195970695970695
2558,0.0138507326007326,0.0033195970695970695
2559,0.0138507326007326,0.0033195970695970695
2560,0.0138507326007326,0.0033195970695970695
2561,0.0138507326007326,0.0033195970695970695
2562,0.0138507326007326,0.0033195970695970695
2563,0.0138507326007326,0.0033195970695970695
2564,0.0138507326007326,0.003663003663003663
2565,0.013163919413919414,0.002976190476190476
2566,0.013163919413919414,0.002976190476190476
2567,0.013163919413919414,0.002976190476190476
2568,0.013163919413919414,0.002976190476190476
2569,0.013163919413919414,0.002976190476190476
2570,0.013163919413919414,0.003205128205128205
2571,0.01282051282051282,0.003434065934065934
2572,0.01179029304029304,0.0027472527472527475
2573,0.011675824175824176,0.002976190476190476
2574,0.011217948717948718,0.002632783882783883
2575,0.011217948717948718,0.002632783882783883
2576,0.011217948717948718,0.002632783882783883
2577,0.011217948717948718,0.003205128205128205
2578,0.010187728937728938,0.0025183150183150185
2579,0.010073260073260074,0.002403846153846154
2580,0.010073260073260074,0.002403846153846154
2581,0.010073260073260074,0.002403846153846154
2582,0.010073260073260074,0.002403846153846154
2583,0.010073260073260074,0.002403846153846154
2584,0.010073260073260074,0.002403846153846154
2585,0.010073260073260074,0.002403846153846154
2586,0.010073260073260074,0.002403846153846154
2587,0.010073260073260074,0.002403846153846154
2588,0.010073260073260074,0.002403846153846154
2589,0.010073260073260074,0.002403846153846154
2590,0.010073260073260074,0.0025183150183150185
2591,0.009844322344322344,0.0022893772893772895
2592,0.009844322344322344,0.0022893772893772895
2593,0.009844322344322344,0.0022893772893772895
2594,0.00972985347985348,0.0022893772893772895
2595,0.00972985347985348,0.0022893772893772895
2596,0.00972985347985348,0.0022893772893772895
2597,0.00972985347985348,0.002403846153846154
2598,0.009615384615384616,0.002632783882783883
2599,0.009271978021978022,0.0027472527472527475
2600,0.0086996336996337,0.002403846153846154
2601,0.008356227106227106,0.002174908424908425
2602,0.008356227106227106,0.002174908424908425
2603,0.008356227106227106,0.002174908424908425
2604,0.008356227106227106,0.0025183150183150185
2605,0.007669413919413919,0.001945970695970696
2606,0.007669413919413919,0.001945970695970696
2607,0.007669413919413919,0.001945970695970696
2608,0.007669413919413919,0.001945970695970696
2609,0.007669413919413919,0.001945970695970696
2610,0.007669413919413919,0.001945970695970696
2611,0.007669413919413919,0.001945970695970696
2612,0.007669413919413919,0.001945970695970696
2613,0.007669413919413919,0.001945970695970696
2614,0.007669413919413919,0.001945970695970696
2615,0.007669413919413919,0.001945970695970696
2616,0.007669413919413919,0.001945970695970696
2617,0.007669413919413919,0.001945970695970696
2618,0.007669413919413919,0.001945970695970696
2619,0.007669413919413919,0.001945970695970696
2620,0.007669413919413919,0.001945970695970696
2621,0.007669413919413919,0.001945970695970696
2622,0.007669413919413919,0.001945970695970696
2623,0.007669413919413919,0.0020604395604395605
2624,0.007554945054945055,0.001945970695970696
2625,0.007554945054945055,0.002174908424908425
2626,0.007211538461538462,0.0022893772893772895
2627,0.00641025641025641,0.0018315018315018315
2628,0.006295787545787546,0.001717032967032967
2629,0.006295787545787546,0.001717032967032967
2630,0.006295787545787546,0.001717032967032967
2631,0.006295787545787546,0.0018315018315018315
2632,0.006066849816849817,0.001717032967032967
2633,0.005952380952380952,0.0016025641025641025
2634,0.005952380952380952,0.0016025641025641025
2635,0.005952380952380952,0.0016025641025641025
2636,0.005952380952380952,0.0016025641025641025
2637,0.005952380952380952,0.0016025641025641025
2638,0.005952380952380952,0.0016025641025641025
2639,0.005952380952380952,0.0016025641025641025
2640,0.005952380952380952,0.0016025641025641025
2641,0.005952380952380952,0.0016025641025641025
2642,0.005952380952380952,0.0016025641025641025
2643,0.005952380952380952,0.0016025641025641025
2644,0.005952380952380952,0.0016025641025641025
2645,0.005952380952380952,0.0016025641025641025
2646,0.005952380952380952,0.0016025641025641025
2647,0.005952380952380952,0.0016025641025641025
2648,0.005952380952380952,0.0016025641025641025
2649,0.005952380952380952,0.0016025641025641025
2650,0.005952380952380952,0.0018315018315018315
2651,0.005608974358974359,0.0016025641025641025
2652,0.005608974358974359,0.0018315018315018315
2653,0.00538003663003663,0.002174908424908425
2654,0.00434981684981685,0.0013736263736263737
2655,0.00434981684981685,0.0013736263736263737
2656,0.00434981684981685,0.0013736263736263737
2657,0.00434981684981685,0.001488095238095238
2658,0.004235347985347985,0.001488095238095238
2659,0.004006410256410256,0.0012591575091575092
2660,0.004006410256410256,0.0012591575091575092
2661,0.004006410256410256,0.0012591575091575092
2662,0.004006410256410256,0.0012591575091575092
2663,0.004006410256410256,0.0012591575091575092
2664,0.004006410256410256,0.0012591575091575092
2665,0.004006410256410256,0.0012591575091575092
2666,0.004006410256410256,0.0012591575091575092
2667,0.004006410256410256,0.0012591575091575092
2668,0.004006410256410256,0.0012591575091575092
2669,0.004006410256410256,0.0012591575091575092
2670,0.004006410256410256,0.0012591575091575092
2671,0.004006410256410256,0.0012591575091575092
2672,0.004006410256410256,0.0012591575091575092
2673,0.004006410256410256,0.0012591575091575092
2674,0.004006410256410256,0.0012591575091575092
2675,0.004006410256410256,0.0012591575091575092
2676,0.004006410256410256,0.0012591575091575092
2677,0.004006410256410256,0.0012591575091575092
2678,0.004006410256410256,0.0016025641025641025
2679,0.003434065934065934,0.0010302197802197802
2680,0.003434065934065934,0.0010302197802197802
2681,0.003434065934065934,0.0011446886446886447
2682,0.0030906593406593405,0.0010302197802197802
2683,0.002976190476190476,0.0009157509157509158
2684,0.002976190476190476,0.0010302197802197802
2685,0.0027472527472527475,0.0008012820512820513
2686,0.0027472527472527475,0.0009157509157509158
2687,0.002632783882783883,0.0008012820512820513
2688,0.002632783882783883,0.0008012820512820513
2689,0.002632783882783883,0.0008012820512820513
2690,0.002632783882783883,0.0008012820512820513
2691,0.002632783882783883,0.0008012820512820513
2692,0.002632783882783883,0.0008012820512820513
2693,0.002632783882783883,0.0008012820512820513
2694,0.002632783882783883,0.0008012820512820513
2695,0.002632783882783883,0.0008012820512820513
2696,0.002632783882783883,0.0008012820512820513
2697,0.002632783882783883,0.0008012820512820513
2698,0.002632783882783883,0.0008012820512820513
2699,0.002632783882783883,0.0008012820512820513
2700,0.002632783882783883,0.0008012820512820513
2701,0.002632783882783883,0.0008012820512820513
2702,0.002632783882783883,0.0008012820512820513
2703,0.002632783882783883,0.0008012820512820513
2704,0.002632783882783883,0.0008012820512820513
2705,0.002632783882783883,0.0008012820512820513
2706,0.002632783882783883,0.0008012820512820513
2707,0.002632783882783883,0.0011446886446886447
2708,0.002174908424908425,0.0009157509157509158
2709,0.0020604395604395605,0.0009157509157509158
2710,0.0018315018315018315,0.0006868131868131869
2711,0.0018315018315018315,0.0006868131868131869
2712,0.0018315018315018315,0.0006868131868131869
2713,0.0018315018315018315,0.0008012820512820513
2714,0.0016025641025641025,0.0005723443223443224
2715,0.0016025641025641025,0.0005723443223443224
2716,0.0016025641025641025,0.0005723443223443224
2717,0.0016025641025641025,0.0005723443223443224
2718,0.0016025641025641025,0.0005723443223443224
2719,0.0016025641025641025,0.0005723443223443224
2720,0.0016025641025641025,0.0005723443223443224
2721,0.0016025641025641025,0.0005723443223443224
2722,0.0016025641025641025,0.0005723443223443224
2723,0.0016025641025641025,0.0005723443223443224
2724,0.0016025641025641025,0.0005723443223443224
2725,0.0016025641025641025,0.0005723443223443224
2726,0.0016025641025641025,0.0005723443223443224
2727,0.0016025641025641025,0.0005723443223443224
2728,0.0016025641025641025,0.0005723443223443224
2729,0.0016025641025641025,0.0005723443223443224
2730,0.0016025641025641025,0.0005723443223443224
2731,0.0016025641025641025,0.0005723443223443224
2732,0.0016025641025641025,0.0005723443223443224
2733,0.0016025641025641025,0.0005723443223443224
2734,0.0016025641025641025,0.0005723443223443224
2735,0.0016025641025641025,0.0008012820512820513
2736,0.0010302197802197802,0.0004578754578754579
2737,0.0009157509157509158,0.00034340659340659343
2738,0.0009157509157509158,0.00034340659340659343
2739,0.0009157509157509158,0.00034340659340659343
2740,0.0009157509157509158,0.00034340659340659343
2741,0.0009157509157509158,0.00034340659340659343
2742,0.0009157509157509158,0.00034340659340659343
2743,0.0009157509157509158,0.00034340659340659343
2744,0.0009157509157509158,0.00034340659340659343
2745,0.0009157509157509158,0.00034340659340659343
2746,0.0009157509157509158,0.00034340659340659343
2747,0.0009157509157509158,0.00034340659340659343
2748,0.0009157509157509158,0.00034340659340659343
2749,0.0009157509157509158,0.00034340659340659343
2750,0.0009157509157509158,0.00034340659340659343
2751,0.0009157509157509158,0.00034340659340659343
2752,0.0009157509157509158,0.00034340659340659343
2753,0.0009157509157509158,0.00034340659340659343
2754,0.0009157509157509158,0.00034340659340659343
2755,0.0009157509157509158,0.00034340659340659343
2756,0.0009157509157509158,0.00034340659340659343
2757,0.0009157509157509158,0.00034340659340659343
2758,0.0009157509157509158,0.00034340659340659343
2759,0.0009157509157509158,0.00034340659340659343
2760,0.0009157509157509158,0.00034340659340659343
2761,0.0009157509157509158,0.00034340659340659343
2762,0.0009157509157509158,0.00034340659340659343
2763,0.0009157509157509158,0.00034340659340659343
2764,0.0009157509157509158,0.0004578754578754579
2765,0.0006868131868131869,0.00034340659340659343
2766,0.0005723443223443224,0.00022893772893772894
2767,0.0005723443223443224,0.00022893772893772894
2768,0.0005723443223443224,0.00022893772893772894
2769,0.0005723443223443224,0.00022893772893772894
2770,0.0005723443223443224,0.00022893772893772894
2771,0.0005723443223443224,0.00022893772893772894
2772,0.0005723443223443224,0.00022893772893772894
2773,0.0005723443223443224,0.00022893772893772894
2774,0.0005723443223443224,0.00022893772893772894
2775,0.0005723443223443224,0.00022893772893772894
2776,0.0005723443223443224,0.00022893772893772894
2777,0.0005723443223443224,0.00022893772893772894
2778,0.0005723443223443224,0.00022893772893772894
2779,0.0005723443223443224,0.00022893772893772894
2780,0.0005723443223443224,0.00022893772893772894
2781,0.0005723443223443224,0.00022893772893772894
2782,0.0005723443223443224,0.00022893772893772894
2783,0.0005723443223443224,0.00022893772893772894
2784,0.0005723443223443224,0.00022893772893772894
2785,0.0005723443223443224,0.00022893772893772894
2786,0.0005723443223443224,0.00022893772893772894
2787,0.0005723443223443224,0.00022893772893772894
2788,0.0005723443223443224,0.00022893772893772894
2789,0.0005723443223443224,0.00022893772893772894
2790,0.0005723443223443224,0.00022893772893772894
2791,0.0005723443223443224,0.00022893772893772894
2792,0.0005723443223443224,0.00034340659340659343
2793,0.00034340659340659343,0.00011446886446886447
2794,0.00034340659340659343,0.00011446886446886447
2795,0.00034340659340659343,0.00011446886446886447
2796,0.00034340659340659343,0.00011446886446886447
2797,0.00034340659340659343,0.00011446886446886447
2798,0.00034340659340659343,0.00011446886446886447
2799,0.00034340659340659343,0.00011446886446886447
2800,0.00034340659340659343,0.00011446886446886447
2801,0.00034340659340659343,0.00011446886446886447
2802,0.00034340659340659343,0.00011446886446886447
2803,0.00034340659340659343,0.00011446886446886447
2804,0.00034340659340659343,0.00011446886446886447
2805,0.00034340659340659343,0.00011446886446886447
2806,0.00034340659340659343,0.00011446886446886447
2807,0.00034340659340659343,0.00011446886446886447
2808,0.00034340659340659343,0.00011446886446886447
2809,0.00034340659340659343,0.00011446886446886447
2810,0.00034340659340659343,0.00011446886446886447
2811,0.00034340659340659343,0.00011446886446886447
2812,0.00034340659340659343,0.00011446886446886447
2813,0.00034340659340659343,0.00011446886446886447
2814,0.00034340659340659343,0.00011446886446886447
2815,0.00034340659340659343,0.00011446886446886447
2816,0.00034340659340659343,0.00011446886446886447
2817,0.00034340659340659343,0.00011446886446886447
2818,0.00034340659340659343,0.00011446886446886447
2819,0.00034340659340659343,0.00011446886446886447
2820,0.00034340659340659343,0.00011446886446886447
2821,0.00034340659340659343,0.00022893772893772894
2822,0.00022893772893772894,0.00011446886446886447
2823,0.00022893772893772894,0.00011446886446886447
2824,0.00022893772893772894,0.00011446886446886447
2825,0.00022893772893772894,0.00011446886446886447
2826,0.00022893772893772894,0.00011446886446886447
2827,0.00022893772893772894,0.00011446886446886447
2828,0.00022893772893772894,0.00011446886446886447
2829,0.00022893772893772894,0.00011446886446886447
2830,0.00022893772893772894,0.00011446886446886447
2831,0.00022893772893772894,0.00011446886446886447
2832,0.00022893772893772894,0.00011446886446886447
2833,0.00022893772893772894,0.00011446886446886447
2834,0.00022893772893772894,0.00011446886446886447
2835,0.00022893772893772894,0.00011446886446886447
2836,0.00022893772893772894,0.00011446886446886447
2837,0.00022893772893772894,0.00011446886446886447
2838,0.00022893772893772894,0.00011446886446886447
2839,0.00022893772893772894,0.00011446886446886447
2840,0.00022893772893772894,0.00011446886446886447
2841,0.00022893772893772894,0.00011446886446886447
2842,0.00022893772893772894,0.00011446886446886447
2843,0.00022893772893772894,0.00011446886446886447
2844,0.00022893772893772894,0.00011446886446886447
2845,0.00022893772893772894,0.00011446886446886447
2846,0.00022893772893772894,0.00011446886446886447
2847,0.00022893772893772894,0.00011446886446886447
2848,0.00022893772893772894,0.00011446886446886447
2849,0.00022893772893772894,0.00011446886446886447
2850,0.00022893772893772894,0.00022893772893772894
