Hour,Hour,Hour,Hour,Hour,Hour,Hour,Hour
0.537112,0.50504565,0.48099577,0.47297919,0.47297919,0.48099577,0.5932281,0.68942726
0.76157677,0.76959336,0.76959336,0.76157677,0.76157677,0.76157677,0.7455436,0.75356019
0.79364312,0.80165982,0.80165982,0.76959336,0.72951031,0.6653775,0.58521152,0.50504565
0.5775398,0.54305983,0.51719975,0.50857973,0.50857973,0.51719975,0.63787973,0.74131978
0.81889975,0.82751977,0.82751977,0.81889975,0.81889975,0.81889975,0.80165982,0.81027973
0.85337973,0.86199987,0.86199987,0.82751977,0.78441977,0.71545982,0.62925971,0.54305983
0.56598902,0.53219855,0.50685573,0.4984082,0.4984082,0.50685573,0.62512207,0.72649324
0.80252171,0.81096923,0.81096923,0.80252171,0.80252171,0.80252171,0.78562653,0.79407406
0.83631206,0.8447597,0.8447597,0.81096923,0.76873136,0.70115054,0.61667454,0.53219855
0.55443823,0.52133739,0.49651176,0.48823661,0.48823661,0.49651176,0.61236453,0.71166694
0.78614366,0.79441893,0.79441893,0.78614366,0.78614366,0.78614366,0.76959336,0.77786851
0.8192445,0.82751977,0.82751977,0.79441893,0.75304294,0.68684137,0.60408926,0.52133739
0.54288733,0.51047623,0.48616779,0.47806501,0.47806501,0.48616779,0.59960687,0.69684052
0.76976573,0.77786851,0.77786851,0.76976573,0.76976573,0.76976573,0.75356019,0.76166296
0.80217683,0.81027973,0.81027973,0.77786851,0.73735452,0.67253208,0.5915041,0.51047623
0.517717,0.47789264,0.45134306,0.43806827,0.42479348,0.43143088,0.43806827,0.46461785
0.53099179,0.58409107,0.59736586,0.60400319,0.59736586,0.58409107,0.57745361,0.57745361
0.60400319,0.6637398,0.65710235,0.64382756,0.62391543,0.61064064,0.57745361,0.53762925
0.50426984,0.46547985,0.4396199,0.42668986,0.41375989,0.4202249,0.42668986,0.45254987
0.51719987,0.5689199,0.58184981,0.58831477,0.58184981,0.5689199,0.56245482,0.56245482
0.58831477,0.64649987,0.64003479,0.62710476,0.60770977,0.59477985,0.56245482,0.52366483
0.56078982,0.52730989,0.50219977,0.49382985,0.49382985,0.50219977,0.61937976,0.71981978
0.7951498,0.80351984,0.80351984,0.7951498,0.7951498,0.7951498,0.77840984,0.78677988
0.82862973,0.83699989,0.83699989,0.80351984,0.76166987,0.69470978,0.61100984,0.52730989
0.60299993,0.56699991,0.53999984,0.5309999,0.5309999,0.53999984,0.66599977,0.77399981
0.8549999,0.86399984,0.86399984,0.8549999,0.8549999,0.8549999,0.83699989,0.84599984
0.89099979,0.89999998,0.89999998,0.86399984,0.81899989,0.74699986,0.65699983,0.56699991
0.59093988,0.55565989,0.52919984,0.52037978,0.52037978,0.52919984,0.6526798,0.75851977
0.8378998,0.84671974,0.84671974,0.8378998,0.8378998,0.8378998,0.82025981,0.82907975
0.87317967,0.88199985,0.88199985,0.84671974,0.80261981,0.73205984,0.64385974,0.55565989
0.57887983,0.54431987,0.51839983,0.50975978,0.50975978,0.51839983,0.63935983,0.74303973
0.82079983,0.82943976,0.82943976,0.82079983,0.82079983,0.82079983,0.80351984,0.81215978
0.85535979,0.86399984,0.86399984,0.82943976,0.78623986,0.71711981,0.63071978,0.54431987
0.56681991,0.53297985,0.50759983,0.49913985,0.49913985,0.50759983,0.62603974,0.7275598
0.80369985,0.81215978,0.81215978,0.80369985,0.80369985,0.80369985,0.78677988,0.79523981
0.83753979,0.84599984,0.84599984,0.81215978,0.76985979,0.70217979,0.61757982,0.53297985
0.54053986,0.4989599,0.47123992,0.45737994,0.44351995,0.45044994,0.45737994,0.48509991
0.55439985,0.60983992,0.6236999,0.6306299,0.6236999,0.60983992,0.6029098,0.6029098
0.6306299,0.69299996,0.68606985,0.67220986,0.65141988,0.63755989,0.6029098,0.56132984
0.52649987,0.48599988,0.45899993,0.44549996,0.43199992,0.43874997,0.44549996,0.47249991
0.53999984,0.59399986,0.60749996,0.61424994,0.60749996,0.59399986,0.58724987,0.58724987
0.61424994,0.67499995,0.66824985,0.65474987,0.63449991,0.62099993,0.58724987,0.54674983
0.54708171,0.51442015,0.48992389,0.48175847,0.48175847,0.48992389,0.60423946,0.70222425
0.77571285,0.78387821,0.78387821,0.77571285,0.77571285,0.77571285,0.75938213,0.76754749
0.8083744,0.81653988,0.81653988,0.78387821,0.74305129,0.67772806,0.59607398,0.51442015
0.58825994,0.55313992,0.52679992,0.51801991,0.51801991,0.52679992,0.64971983,0.75507987
0.83409989,0.84287989,0.84287989,0.83409989,0.83409989,0.83409989,0.81653988,0.82531989
0.8692199,0.87800002,0.87800002,0.84287989,0.79897988,0.72873986,0.64093983,0.55313992
0.57649469,0.54207706,0.51626384,0.50765943,0.50765943,0.51626384,0.63672543,0.73997819
0.81741786,0.82602215,0.82602215,0.81741786,0.81741786,0.81741786,0.80020905,0.80881345
0.85183537,0.8604399,0.8604399,0.82602215,0.78300023,0.71416497,0.62812102,0.54207706
0.56472945,0.53101432,0.50572789,0.49729907,0.49729907,0.50572789,0.62373102,0.72487664
0.80073583,0.80916464,0.80916464,0.80073583,0.80073583,0.80073583,0.78387821,0.79230702
0.83445096,0.84287989,0.84287989,0.80916464,0.7670207,0.69959021,0.6153022,0.53101432
0.55296433,0.51995146,0.49519187,0.48693866,0.48693866,0.49519187,0.61073661,0.70977497
0.7840538,0.79230702,0.79230702,0.7840538,0.7840538,0.7840538,0.76754749,0.7758007
0.81706667,0.82531989,0.82531989,0.79230702,0.75104105,0.68501544,0.60248339,0.51995146
0.5273267,0.48676312,0.45972073,0.44619954,0.43267834,0.43943894,0.44619954,0.47324192
0.5408479,0.59493279,0.60845387,0.61521447,0.60845387,0.59493279,0.58817208,0.58817208
0.61521447,0.67605996,0.66929924,0.65577805,0.63549626,0.62197506,0.58817208,0.54760849
0.51362991,0.4741199,0.44777995,0.43460995,0.42143995,0.42802495,0.43460995,0.46094996
0.52679992,0.57947993,0.59264994,0.59923494,0.59264994,0.57947993,0.57289493,0.57289493
0.59923494,0.65849996,0.65191483,0.63874495,0.61898994,0.60581994,0.57289493,0.53338492
0.51966524,0.48864049,0.46537179,0.45761561,0.45761561,0.46537179,0.57395852,0.66703296
0.7368387,0.74459493,0.74459493,0.7368387,0.7368387,0.7368387,0.72132635,0.72908258
0.76786351,0.77561974,0.77561974,0.74459493,0.705814,0.64376438,0.5662024,0.48864049
0.55877984,0.52541983,0.50039983,0.49205983,0.49205983,0.50039983,0.61715972,0.71723974
0.79229975,0.80063975,0.80063975,0.79229975,0.79229975,0.79229975,0.77561974,0.78395975
0.82565975,0.83399987,0.83399987,0.80063975,0.75893974,0.69221973,0.60881972,0.52541983
0.5476042,0.51491141,0.49039179,0.48221856,0.48221856,0.49039179,0.60481644,0.70289493
0.77645373,0.78462684,0.78462684,0.77645373,0.77645373,0.77645373,0.76010728,0.76828051
0.8091464,0.81731975,0.81731975,0.78462684,0.74376094,0.67837536,0.59664333,0.51491141
0.53642857,0.50440299,0.48038375,0.47237736,0.47237736,0.48038375,0.59247327,0.68855011
0.76060772,0.76861405,0.76861405,0.76060772,0.76060772,0.76060772,0.74459493,0.75260127
0.79263329,0.80063975,0.80063975,0.76861405,0.72858214,0.66453087,0.58446693,0.50440299
0.52525294,0.49389464,0.47037578,0.46253622,0.46253622,0.47037578,0.5801301,0.6742053
0.74476171,0.75260127,0.75260127,0.74476171,0.74476171,0.74476171,0.72908258,0.73692214
0.77612007,0.78395975,0.78395975,0.75260127,0.71340334,0.6506865,0.57229054,0.49389464
0.50090027,0.46236944,0.43668228,0.42383867,0.41099507,0.41741687,0.42383867,0.44952583
0.51374388,0.56511819,0.5779618,0.58438361,0.5779618,0.56511819,0.55869639,0.55869639
0.58438361,0.64217985,0.63575792,0.62291431,0.60364902,0.59080541,0.55869639,0.52016556
0.48788989,0.45035982,0.42533988,0.41282988,0.40031987,0.4065749,0.41282988,0.43784988
0.50039983,0.55043983,0.5629499,0.56920481,0.5629499,0.55043983,0.5441848,0.5441848
0.56920481,0.62549984,0.61924481,0.60673475,0.58796978,0.57545984,0.5441848,0.50665486
0.54832792,0.51559186,0.49103987,0.48285586,0.48285586,0.49103987,0.60561585,0.7038238
0.77747989,0.78566384,0.78566384,0.77747989,0.77747989,0.77747989,0.76111186,0.76929581
0.81021583,0.81839991,0.81839991,0.78566384,0.74474382,0.67927182,0.59743178,0.51559186
0.58959985,0.55439997,0.52799988,0.51919985,0.51919985,0.52799988,0.65119982,0.75679982
0.83599985,0.84479988,0.84479988,0.83599985,0.83599985,0.83599985,0.81839991,0.82719994
0.87119985,0.87999999,0.87999999,0.84479988,0.80079997,0.73039985,0.64239991,0.55439997
0.57780778,0.54331183,0.51743984,0.50881577,0.50881577,0.51743984,0.63817573,0.74166381
0.81927979,0.82790375,0.82790375,0.81927979,0.81927979,0.81927979,0.80203176,0.81065583
0.85377574,0.86239982,0.86239982,0.82790375,0.78478384,0.71579182,0.62955177,0.54331183
0.56601584,0.53222394,0.50687981,0.49843186,0.49843186,0.50687981,0.62515175,0.72652781
0.80255985,0.81100786,0.81100786,0.80255985,0.80255985,0.80255985,0.78566384,0.79411185
0.83635175,0.84479988,0.84479988,0.81100786,0.76876783,0.7011838,0.61670375,0.53222394
0.55422389,0.52113593,0.49631983,0.48804784,0.48804784,0.49631983,0.61212778,0.71139181
0.7858398,0.79411185,0.79411185,0.7858398,0.7858398,0.7858398,0.76929581,0.77756786
0.81892776,0.82719994,0.82719994,0.79411185,0.75275183,0.68657577,0.60385585,0.52113593
0.52852786,0.48787188,0.46076792,0.44721591,0.43366396,0.44043994,0.44721591,0.47431993
0.54207993,0.59628797,0.60983992,0.61661589,0.60983992,0.59628797,0.58951187,0.58951187
0.61661589,0.67759991,0.67082381,0.65727186,0.63694394,0.62339187,0.58951187,0.5488559
0.51479995,0.47519988,0.44879991,0.43559992,0.42239994,0.42899996,0.43559992,0.46199989
0.52799988,0.58079994,0.59399986,0.60059988,0.59399986,0.58079994,0.57419991,0.57419991
0.60059988,0.65999997,0.65339982,0.6401999,0.62039995,0.60719991,0.57419991,0.5345999
0.52402699,0.49274182,0.46927786,0.46145654,0.46145654,0.46927786,0.578776,0.67263162
0.74302328,0.7508446,0.7508446,0.74302328,0.74302328,0.74302328,0.72738075,0.73520207
0.77430844,0.78212988,0.78212988,0.7508446,0.71173811,0.64916766,0.57095468,0.49274182
0.56346989,0.52982986,0.50459981,0.49618989,0.49618989,0.50459981,0.62233984,0.72325981
0.79894984,0.80735981,0.80735981,0.79894984,0.79894984,0.79894984,0.78212988,0.79053986
0.83258986,0.84099996,0.84099996,0.80735981,0.76530993,0.69802988,0.61392987,0.52982986
0.55220044,0.51923323,0.49450779,0.48626602,0.48626602,0.49450779,0.60989296,0.70879459
0.78297079,0.79121256,0.79121256,0.78297079,0.78297079,0.78297079,0.76648724,0.77472901
0.81593788,0.82417977,0.82417977,0.79121256,0.75000358,0.68406916,0.60165119,0.51923323
0.54093099,0.50863671,0.48441583,0.47634226,0.47634226,0.48441583,0.5974462,0.69432938
0.76699173,0.77506542,0.77506542,0.76699173,0.76699173,0.76699173,0.7508446,0.75891817
0.79928613,0.80735981,0.80735981,0.77506542,0.73469746,0.67010856,0.58937263,0.50863671
0.52966166,0.49804014,0.47432387,0.46641844,0.46641844,0.47432387,0.58499944,0.67986417
0.7510128,0.75891817,0.75891817,0.7510128,0.7510128,0.7510128,0.73520207,0.74310744
0.78263438,0.79053986,0.79053986,0.75891817,0.71939123,0.65614796,0.57709396,0.49804014
0.50510454,0.4662503,0.44034749,0.42739612,0.41444474,0.42092043,0.42739612,0.45329887
0.51805592,0.56986153,0.5828129,0.58928859,0.5828129,0.56986153,0.56338572,0.56338572
0.58928859,0.64756989,0.64109409,0.62814271,0.60871565,0.59576428,0.56338572,0.5245316
0.4919849,0.45413989,0.4289099,0.41629493,0.40367997,0.40998745,0.41629493,0.44152492
0.50459993,0.55505991,0.56767487,0.57398236,0.56767487,0.55505991,0.54875231,0.54875231
0.57398236,0.63074994,0.62444234,0.61182737,0.59290493,0.58028984,0.54875231,0.51090741
0.51841903,0.48746866,0.46425581,0.45651823,0.45651823,0.46425581,0.57258213,0.66543329
0.73507178,0.7428093,0.7428093,0.73507178,0.73507178,0.73507178,0.71959662,0.72733414
0.76602209,0.77375984,0.77375984,0.7428093,0.70412135,0.64222062,0.56484461,0.48746866
0.5574398,0.52415991,0.49919981,0.49087983,0.49087983,0.49919981,0.61567974,0.71551979
0.79039979,0.79871976,0.79871976,0.79039979,0.79039979,0.79039979,0.77375984,0.78207982
0.8236798,0.8319999,0.8319999,0.79871976,0.75711977,0.69055974,0.60735977,0.52415991
0.54629099,0.51367664,0.48921579,0.48106217,0.48106217,0.48921579,0.60336614,0.70120931
0.77459168,0.78274524,0.78274524,0.77459168,0.77459168,0.77459168,0.75828457,0.76643813
0.80720603,0.81535971,0.81535971,0.78274524,0.74197733,0.67674851,0.59521258,0.51367664
0.53514218,0.50319338,0.47923177,0.47124463,0.47124463,0.47923177,0.59105253,0.68689895
0.7587837,0.76677096,0.76677096,0.7587837,0.7587837,0.7587837,0.7428093,0.75079656
0.7907325,0.79871976,0.79871976,0.76677096,0.72683501,0.66293728,0.58306539,0.50319338
0.52399337,0.49271029,0.46924782,0.46142703,0.46142703,0.46924782,0.57873893,0.67258859
0.74297571,0.75079656,0.75079656,0.74297571,0.74297571,0.74297571,0.72733414,0.73515499
0.77425885,0.78207982,0.78207982,0.75079656,0.71169257,0.64912617,0.5709182,0.49271029
0.49969906,0.46126062,0.43563509,0.4228223,0.4100095,0.41641587,0.4228223,0.44844788
0.51251185,0.56376302,0.57657587,0.58298218,0.57657587,0.56376302,0.5573566,0.5573566
0.58298218,0.6406399,0.63423336,0.62142062,0.60220146,0.58938861,0.5573566,0.51891828
0.48671991,0.44927984,0.42431986,0.4118399,0.39935994,0.40559989,0.4118399,0.43679988
0.49919987,0.54911983,0.56159985,0.56783986,0.56159985,0.54911983,0.54287982,0.54287982
0.56783986,0.62399983,0.61775982,0.6052798,0.58655977,0.57407987,0.54287982,0.50543988
0.50221848,0.47223532,0.44974786,0.4422521,0.4422521,0.44974786,0.55468905,0.64463866
0.71210086,0.71959662,0.71959662,0.71210086,0.71210086,0.71210086,0.69710922,0.7046051
0.74208403,0.74957991,0.74957991,0.71959662,0.6821177,0.62215126,0.54719329,0.47223532
0.54001987,0.50777996,0.4835999,0.47553992,0.47553992,0.4835999,0.59643984,0.69315982
0.76569986,0.77375984,0.77375984,0.76569986,0.76569986,0.76569986,0.74957991,0.75763988
0.7979399,0.80599999,0.80599999,0.77375984,0.73345995,0.66897988,0.58837986,0.50777996
0.52921951,0.49762434,0.47392786,0.46602905,0.46602905,0.47392786,0.58451104,0.67929661
0.75038576,0.75828457,0.75828457,0.75038576,0.75038576,0.75038576,0.73458827,0.74248695
0.78198099,0.7898798,0.7898798,0.75828457,0.71879065,0.65560019,0.57661223,0.49762434
0.51841903,0.48746872,0.46425587,0.45651823,0.45651823,0.46425587,0.57258224,0.66543341
0.73507178,0.74280941,0.74280941,0.73507178,0.73507178,0.73507178,0.71959662,0.72733426
0.76602221,0.77375984,0.77375984,0.74280941,0.70412147,0.64222062,0.56484461,0.48746872
0.50761867,0.47731316,0.45458388,0.44700748,0.44700748,0.45458388,0.56065345,0.6515702
0.71975779,0.72733426,0.72733426,0.71975779,0.71975779,0.71975779,0.7046051,0.71218145
0.75006342,0.75763988,0.75763988,0.72733426,0.68945229,0.62884104,0.55307698,0.47731316
0.48408353,0.44684631,0.42202151,0.40960914,0.39719677,0.40340292,0.40960914,0.43443394
0.4964959,0.54614556,0.55855787,0.56476414,0.55855787,0.54614556,0.53993928,0.53993928
0.56476414,0.62061989,0.61441362,0.60200131,0.58338273,0.5709703,0.53993928,0.50270212
0.47150993,0.43523991,0.41105992,0.39896995,0.38687998,0.39292496,0.39896995,0.42314994
0.48359996,0.53195989,0.54404998,0.55009496,0.54404998,0.53195989,0.52591491,0.52591491
0.55009496,0.60449994,0.59845483,0.58636486,0.56822991,0.55613995,0.52591491,0.48964494
0.43356585,0.42668378,0.41291982,0.39915585,0.40603781,0.44732988,0.49550378,0.58496976
0.65378976,0.68131769,0.68819976,0.68131769,0.64002573,0.63314378,0.61937976,0.60561585
0.61937976,0.63314378,0.66067171,0.67443573,0.66067171,0.61937976,0.55055976,0.48173982
0.46619987,0.45879984,0.44399983,0.42919987,0.43659985,0.48099989,0.53279984,0.62899983
0.70299983,0.73259973,0.73999989,0.73259973,0.68819976,0.68079984,0.66599977,0.65119982
0.66599977,0.68079984,0.71039975,0.7251997,0.71039975,0.66599977,0.59199977,0.51799977
0.45687586,0.44962376,0.43511981,0.42061579,0.42786783,0.47137982,0.52214372,0.61641967
0.68893969,0.71794772,0.7251997,0.71794772,0.67443573,0.66718376,0.6526798,0.63817573
0.6526798,0.66718376,0.69619167,0.71069574,0.69619167,0.6526798,0.58015978,0.50763977
0.44755185,0.44044781,0.42623979,0.41203183,0.41913581,0.46175986,0.51148772,0.60383975
0.67487979,0.70329571,0.71039975,0.70329571,0.66067171,0.65356779,0.63935983,0.62515175
0.63935983,0.65356779,0.68198371,0.69619167,0.68198371,0.63935983,0.5683198,0.49727982
0.43822789,0.43127179,0.41735983,0.40344781,0.41040385,0.45213985,0.50083172,0.59125972
0.66081977,0.68864369,0.69559979,0.68864369,0.64690781,0.63995182,0.62603974,0.61212778
0.62603974,0.63995182,0.66777575,0.68168771,0.66777575,0.62603974,0.55647981,0.48691982
0.42734992,0.41595381,0.39316189,0.37606788,0.37036991,0.37036991,0.38746387,0.42165184
0.47293383,0.5071218,0.52421582,0.53561187,0.51851785,0.51281989,0.51281989,0.49002784
0.48432982,0.50142384,0.52421582,0.5697999,0.55270576,0.54130983,0.51281989,0.48432982
0.41624993,0.40514988,0.38294989,0.36629987,0.3607499,0.3607499,0.37739986,0.41069984
0.46064985,0.49394989,0.51059985,0.52169979,0.50504982,0.49949986,0.49949986,0.47729987
0.47174984,0.48839992,0.51059985,0.55499983,0.53834987,0.52724981,0.49949986,0.47174984
0.43180817,0.424954,0.41124582,0.39753765,0.40439171,0.44551635,0.49349499,0.58259821
0.65113926,0.67855561,0.68540978,0.67855561,0.63743103,0.63057697,0.61686873,0.60316062
0.61686873,0.63057697,0.65799332,0.67170155,0.65799332,0.61686873,0.5483278,0.47978681
0.46430987,0.45693982,0.44219983,0.42745984,0.43482983,0.47904986,0.53063977,0.6264497
0.70014977,0.72962975,0.73699987,0.72962975,0.68540978,0.67803979,0.6632998,0.64855981
0.6632998,0.67803979,0.70751977,0.72225976,0.70751977,0.6632998,0.58959985,0.51589978
0.45502365,0.44780093,0.43335581,0.41891062,0.42613322,0.46946883,0.52002692,0.61392069
0.68614674,0.71503711,0.72225976,0.71503711,0.67170155,0.6644789,0.65003371,0.63558853
0.65003371,0.6644789,0.69336927,0.70781445,0.69336927,0.65003371,0.57780778,0.50558174
0.44573742,0.43866217,0.42451179,0.41036141,0.4174366,0.45988786,0.5094142,0.60139167
0.6721437,0.70044446,0.70751977,0.70044446,0.65799332,0.65091813,0.63676774,0.62261736
0.63676774,0.65091813,0.67921889,0.69336927,0.67921889,0.63676774,0.56601572,0.49526381
0.43645126,0.42952341,0.41566783,0.4018122,0.40873998,0.45030683,0.49880141,0.58886278
0.65814078,0.68585193,0.69277978,0.68585193,0.6442852,0.63735735,0.62350178,0.6096462
0.62350178,0.63735735,0.66506851,0.67892408,0.66506851,0.62350178,0.55422378,0.48494577
0.4256174,0.41426754,0.39156795,0.37454325,0.36886841,0.36886841,0.38589305,0.41994244
0.47101653,0.50506592,0.52209055,0.53344035,0.51641571,0.51074088,0.51074088,0.48804122
0.48236632,0.49939108,0.52209055,0.56748986,0.55046511,0.53911531,0.51074088,0.48236632
0.4145624,0.40350735,0.38139737,0.36481488,0.35928738,0.35928738,0.37586987,0.40903485
0.45878237,0.49194735,0.50852978,0.51958477,0.50300229,0.49747485,0.49747485,0.4753648
0.46983731,0.48641986,0.50852978,0.55274987,0.53616726,0.52511227,0.49747485,0.46983731
0.41891837,0.41226882,0.39896983,0.38567084,0.39232033,0.43221736,0.47876382,0.56520724
0.6317023,0.65830028,0.66494977,0.65830028,0.61840332,0.61175382,0.59845483,0.58515584
0.59845483,0.61175382,0.6383518,0.65165079,0.6383518,0.59845483,0.53195977,0.46546483
0.45044988,0.44329983,0.42899984,0.41469985,0.42184985,0.46474987,0.51479983,0.60774982
0.67924976,0.70784974,0.71499991,0.70784974,0.66494977,0.65779984,0.64349985,0.62919986
0.64349985,0.65779984,0.68639982,0.70069981,0.68639982,0.64349985,0.57199979,0.50049984
0.44144088,0.43443382,0.42041981,0.40640581,0.41341281,0.45545483,0.50450373,0.59559476
0.66566479,0.69369268,0.70069981,0.69369268,0.65165079,0.64464378,0.63062978,0.61661577
0.63062978,0.64464378,0.67267168,0.68668568,0.67267168,0.63062978,0.56055975,0.49048984
0.43243188,0.42556781,0.41183984,0.39811182,0.40497583,0.44615984,0.4942078,0.58343971
0.6520797,0.67953575,0.68639982,0.67953575,0.6383518,0.63148773,0.61775982,0.6040318
0.61775982,0.63148773,0.65894377,0.67267168,0.65894377,0.61775982,0.54911983,0.48047984
0.42342287,0.41670179,0.40325981,0.38981783,0.39653885,0.43686485,0.48391181,0.57128477
0.63849473,0.66537869,0.67209983,0.66537869,0.62505281,0.61833179,0.60488987,0.59144783
0.60488987,0.61833179,0.64521575,0.65865779,0.64521575,0.60488987,0.53767979,0.47046983
0.41291243,0.40190136,0.37987936,0.36336291,0.35785741,0.35785741,0.37437391,0.40740687
0.45695639,0.4899894,0.50650585,0.51751685,0.5010004,0.4954949,0.4954949,0.47347283
0.46796733,0.4844839,0.50650585,0.55054986,0.5340333,0.52302229,0.4954949,0.46796733
0.40218741,0.39146239,0.3700124,0.35392493,0.34856242,0.34856242,0.36464989,0.39682484
0.44508737,0.47726238,0.49334991,0.50407481,0.4879874,0.48262489,0.48262489,0.46117485
0.45581233,0.47189993,0.49334991,0.53624988,0.52016234,0.50943732,0.48262489,0.45581233
0.42594916,0.41918802,0.40566581,0.39214361,0.39890474,0.43947136,0.486799,0.5746932
0.6423043,0.6693486,0.67610979,0.6693486,0.62878203,0.62202096,0.60849881,0.59497666
0.60849881,0.62202096,0.64906537,0.66258752,0.64906537,0.60849881,0.54088783,0.47327679
0.4580099,0.4507398,0.43619984,0.42165983,0.42892987,0.47254986,0.52343976,0.61794972
0.69064975,0.71972978,0.72699988,0.71972978,0.67610979,0.66883981,0.65429985,0.63975978
0.65429985,0.66883981,0.69791973,0.7124598,0.69791973,0.65429985,0.58159983,0.50889981
0.44884962,0.44172496,0.42747581,0.4132266,0.42035121,0.46309882,0.51297092,0.6055907
0.67683673,0.70533502,0.7124598,0.70533502,0.66258752,0.65546298,0.64121377,0.62696457
0.64121377,0.65546298,0.68396127,0.69821048,0.68396127,0.64121377,0.56996775,0.49872178
0.43968946,0.43271017,0.41875178,0.40479344,0.41177261,0.45364785,0.5025022,0.59323168
0.66302371,0.6909405,0.69791973,0.6909405,0.64906537,0.64208615,0.62812781,0.61416936
0.62812781,0.64208615,0.67000294,0.68396127,0.67000294,0.62812781,0.55833578,0.48854381
0.4305293,0.42369539,0.4100278,0.39636022,0.40319401,0.44419688,0.49203342,0.58087277
0.64921069,0.67654586,0.68337977,0.67654586,0.63554311,0.62870932,0.61504173,0.60137415
0.61504173,0.62870932,0.65604448,0.66971207,0.65604448,0.61504173,0.54670382,0.47836584
0.41984236,0.40864652,0.38625497,0.3694613,0.36386341,0.36386341,0.38065708,0.41424441
0.46462554,0.49821299,0.51500666,0.52620244,0.50940871,0.50381088,0.50381088,0.48141921
0.47582132,0.49261504,0.51500666,0.55978978,0.54299605,0.53180027,0.50381088,0.47582132
0.40893739,0.39803237,0.37622237,0.35986489,0.35441238,0.35441238,0.37076986,0.40348482
0.45255733,0.48527241,0.50162983,0.51253486,0.49617737,0.49072486,0.49072486,0.46891481
0.46346235,0.47981989,0.50162983,0.54524982,0.52889228,0.51798737,0.49072486,0.46346235
0.4124735,0.40592623,0.3928318,0.37973744,0.38628465,0.42556787,0.47139817,0.55651176
0.62198377,0.6481725,0.65471983,0.6481725,0.60888934,0.60234213,0.58924782,0.5761534
0.58924782,0.60234213,0.62853098,0.64162528,0.62853098,0.58924782,0.52377582,0.45830381
0.44351989,0.43647981,0.42239982,0.40831983,0.41535985,0.45759988,0.50687981,0.59839976
0.66879976,0.69695973,0.70399988,0.69695973,0.65471983,0.64767981,0.63359976,0.61951983
0.63359976,0.64767981,0.67583978,0.68991971,0.67583978,0.63359976,0.56319976,0.49279982
0.43464947,0.42775017,0.41395181,0.4001534,0.40705258,0.44844782,0.49674219,0.58643174
0.65542376,0.68302047,0.68991971,0.68302047,0.64162528,0.63472617,0.62092781,0.60712934
0.62092781,0.63472617,0.66232288,0.67612123,0.66232288,0.62092781,0.55193579,0.48294377
0.42577904,0.41902059,0.40550381,0.39198703,0.39874542,0.43929583,0.48660457,0.57446372
0.64204776,0.66908133,0.67583978,0.66908133,0.62853098,0.62177253,0.60825574,0.59473896
0.60825574,0.62177253,0.64880609,0.66232288,0.64880609,0.60825574,0.54067183,0.47308779
0.41690868,0.41029102,0.3970558,0.38382065,0.3904382,0.43014383,0.47646701,0.56249571
0.62867176,0.65514207,0.66175973,0.65514207,0.61543655,0.60881901,0.5955838,0.58234858
0.5955838,0.60881901,0.63528931,0.64852452,0.63528931,0.5955838,0.52940774,0.4632318
0.40655988,0.39571822,0.37403506,0.35777271,0.3523519,0.3523519,0.36861426,0.40113902
0.44992626,0.48245108,0.49871343,0.50955498,0.49329263,0.48787188,0.48787188,0.46618861
0.46076781,0.47703028,0.49871343,0.54207981,0.52581739,0.51497579,0.48787188,0.46076781
0.39599991,0.38543987,0.36431986,0.34847987,0.34319991,0.34319991,0.3590399,0.39071983
0.43823987,0.46991986,0.48575985,0.49631983,0.4804799,0.47519988,0.47519988,0.45407981
0.44879985,0.4646399,0.48575985,0.52799988,0.51215982,0.50159979,0.47519988,0.44879985
0.43942493,0.43244988,0.41849989,0.4045499,0.41152489,0.45337492,0.50219989,0.59287488
0.66262484,0.69052482,0.69749987,0.69052482,0.64867485,0.64169991,0.62774992,0.61379993
0.62774992,0.64169991,0.66959989,0.68354988,0.66959989,0.62774992,0.55799985,0.4882499
0.47249997,0.46499991,0.44999993,0.43499994,0.44249994,0.48749995,0.53999984,0.63749993
0.71249986,0.74249983,0.75,0.74249983,0.69749987,0.68999994,0.67499995,0.65999997
0.67499995,0.68999994,0.71999991,0.73499989,0.71999991,0.67499995,0.5999999,0.52499986
0.46304995,0.45569986,0.44099987,0.42629987,0.43364984,0.47774988,0.52919984,0.62474978
0.69824982,0.72764981,0.73499989,0.72764981,0.68354988,0.67619979,0.66149986,0.64679992
0.66149986,0.67619979,0.70559978,0.72029984,0.70559978,0.66149986,0.58799982,0.51449978
0.45359993,0.44639987,0.43199986,0.41759986,0.42479986,0.46799993,0.51839983,0.61199987
0.68399978,0.71279979,0.71999991,0.71279979,0.66959989,0.66239989,0.64799988,0.63359988
0.64799988,0.66239989,0.69119978,0.70559978,0.69119978,0.64799988,0.57599986,0.50399983
0.44414991,0.43709987,0.42299986,0.4088999,0.41594988,0.45824993,0.50759983,0.59924984
0.66974986,0.69794977,0.70499992,0.69794977,0.6556499,0.64859986,0.63449991,0.62039995
0.63449991,0.64859986,0.67679989,0.69089985,0.67679989,0.63449991,0.56399989,0.49349987
0.43312496,0.42157489,0.39847493,0.38114995,0.37537497,0.37537497,0.39269996,0.42734992
0.47932494,0.5139749,0.53129995,0.5428499,0.52552485,0.51974988,0.51974988,0.49664992
0.49087489,0.50819993,0.53129995,0.57749999,0.56017482,0.54862487,0.51974988,0.49087489
0.421875,0.41062492,0.38812494,0.37124997,0.36562496,0.36562496,0.38249993,0.41624993
0.46687496,0.50062489,0.51749992,0.52874994,0.51187491,0.5062499,0.5062499,0.48374993
0.47812492,0.49499994,0.51749992,0.5625,0.54562485,0.53437495,0.5062499,0.47812492
0.42243379,0.41572845,0.40231788,0.38890725,0.39561254,0.43584442,0.48278147,0.56995034
0.6370033,0.66382444,0.67052984,0.66382444,0.62359273,0.61688745,0.60347688,0.59006631
0.60347688,0.61688745,0.64370859,0.65711915,0.64370859,0.60347688,0.5364238,0.46937084
0.45422995,0.44701987,0.4325999,0.41817987,0.42538989,0.46864992,0.51911986,0.61284983
0.68494987,0.71378982,0.72099996,0.71378982,0.67052984,0.66331983,0.64889991,0.63447988
0.64889991,0.66331983,0.69215989,0.7065798,0.69215989,0.64889991,0.57679987,0.50469983
0.44514531,0.43807942,0.42394781,0.40981626,0.41688204,0.45927685,0.50873744,0.60059273
0.67125082,0.69951391,0.7065798,0.69951391,0.65711915,0.65005338,0.63592184,0.62179029
0.63592184,0.65005338,0.67831659,0.69244814,0.67831659,0.63592184,0.56526387,0.49460584
0.43606073,0.42913902,0.41529584,0.40145266,0.40837425,0.44990391,0.49835503,0.58833575
0.65755177,0.68523812,0.69215989,0.68523812,0.64370859,0.63678706,0.62294388,0.6091007
0.62294388,0.63678706,0.66447341,0.67831659,0.66447341,0.62294388,0.55372786,0.48451185
0.42697608,0.42019862,0.40664387,0.39308906,0.39986646,0.4405309,0.48797262,0.57607877
0.64385283,0.67096233,0.67773986,0.67096233,0.63029802,0.62352061,0.6099658,0.59641111
0.6099658,0.62352061,0.65063024,0.66418505,0.65063024,0.6099658,0.54219186,0.47441786
0.41637742,0.40527397,0.38306719,0.3664121,0.36086041,0.36086041,0.37751549,0.41082567
0.46079099,0.49410123,0.51075625,0.52185965,0.50520456,0.49965292,0.49965292,0.47744608
0.47189438,0.48854953,0.51075625,0.55516994,0.53851473,0.52741134,0.49965292,0.47189438
0.40556246,0.39474738,0.37311739,0.35689491,0.35148746,0.35148746,0.36770993,0.40015489
0.44882238,0.48126745,0.49748993,0.50830483,0.49208242,0.4866749,0.4866749,0.46504486
0.4596374,0.47585994,0.49748993,0.54074991,0.52452731,0.51371241,0.4866749,0.4596374
0.4687199,0.46127981,0.44639987,0.43151987,0.43895984,0.4835999,0.53567982,0.6323998
0.70679986,0.73655975,0.74399984,0.73655975,0.6919198,0.68447983,0.66959989,0.65471983
0.66959989,0.68447983,0.71423984,0.72911978,0.71423984,0.66959989,0.59519982,0.52079987
0.50399995,0.49599987,0.47999984,0.46399987,0.47199988,0.51999986,0.57599986,0.67999983
0.75999987,0.79199982,0.79999995,0.79199982,0.74399984,0.73599982,0.71999991,0.70399988
0.71999991,0.73599982,0.76799989,0.7839998,0.76799989,0.71999991,0.63999987,0.55999982
0.49391991,0.48607981,0.4703998,0.45471984,0.46255982,0.5095998,0.56447983,0.66639972
0.74479973,0.77615976,0.7839998,0.77615976,0.72911978,0.72127974,0.70559978,0.68991983
0.70559978,0.72127974,0.75263977,0.76831973,0.75263977,0.70559978,0.62719977,0.54879975
0.48383987,0.47615981,0.46079981,0.44543987,0.45311981,0.49919987,0.5529598,0.65279973
0.72959983,0.76031971,0.76799989,0.76031971,0.71423984,0.70655978,0.69119978,0.67583978
0.69119978,0.70655978,0.73727977,0.75263977,0.73727977,0.69119978,0.61439979,0.5375998
0.47375989,0.46623981,0.45119983,0.43615985,0.44367987,0.48879987,0.54143977,0.63919973
0.71439981,0.74447978,0.75199985,0.74447978,0.69935977,0.69183981,0.67679989,0.66175985
0.67679989,0.69183981,0.72191977,0.73695981,0.72191977,0.67679989,0.60159981,0.52639985
0.46199995,0.44967985,0.42503989,0.40655994,0.40039992,0.40039992,0.41887993,0.45583987
0.51127982,0.54823983,0.56671989,0.57903981,0.56055987,0.55439985,0.55439985,0.52975988
0.52359986,0.54207993,0.56671989,0.61599994,0.59751987,0.58519983,0.55439985,0.52359986
0.44999993,0.4379999,0.41399991,0.39599991,0.38999993,0.38999993,0.40799993,0.44399989
0.49799991,0.53399992,0.55199993,0.56399989,0.54599988,0.53999984,0.53999984,0.51599979
0.50999987,0.52799988,0.55199993,0.5999999,0.5819999,0.56999981,0.53999984,0.50999987
0.44176847,0.43475616,0.42073178,0.40670741,0.41371959,0.45579284,0.50487816,0.59603667
0.66615868,0.69420743,0.7012198,0.69420743,0.6521343,0.64512217,0.63109779,0.61707342
0.63109779,0.64512217,0.67317092,0.6871953,0.67317092,0.63109779,0.56097579,0.49085379
0.47501987,0.46747977,0.45239979,0.43731981,0.4448598,0.49009985,0.5428797,0.64089978
0.71629977,0.74645972,0.75399983,0.74645972,0.7012198,0.69367981,0.67859971,0.66351974
0.67859971,0.69367981,0.72383976,0.73891973,0.72383976,0.67859971,0.60319972,0.52779973
0.46551943,0.45813012,0.44335175,0.42857337,0.43596256,0.4802978,0.53202212,0.62808168
0.70197368,0.73153043,0.73891973,0.73153043,0.6871953,0.67980611,0.66502774,0.65024936
0.66502774,0.67980611,0.70936286,0.72414124,0.70936286,0.66502774,0.59113574,0.51724374
0.45601904,0.44878054,0.43430376,0.41982698,0.42706537,0.47049582,0.52116454,0.6152637
0.6876477,0.71660125,0.72383976,0.71660125,0.67317092,0.66593254,0.65145576,0.63697898
0.65145576,0.66593254,0.69488609,0.70936286,0.69488609,0.65145576,0.57907176,0.50668776
0.44651866,0.43943095,0.42525578,0.4110806,0.41816819,0.46069384,0.51030695,0.60244572
0.67332172,0.70167208,0.70875978,0.70167208,0.65914655,0.65205896,0.63788378,0.62370861
0.63788378,0.65205896,0.68040931,0.69458449,0.68040931,0.63788378,0.56700778,0.49613178
0.43543488,0.42382318,0.40060002,0.38318264,0.37737685,0.37737685,0.39479423,0.42962903
0.4818812,0.516716,0.53413343,0.54574501,0.52832758,0.52252185,0.52252185,0.49929857
0.49349278,0.51091015,0.53413343,0.58057976,0.56316233,0.55155075,0.52252185,0.49349278
0.4241249,0.4128148,0.39019483,0.37322986,0.36757487,0.36757487,0.38453984,0.41846979
0.46936482,0.50329483,0.52025986,0.53156984,0.51460481,0.50894976,0.50894976,0.48632979
0.4806748,0.49763983,0.52025986,0.56549978,0.54853475,0.53722477,0.50894976,0.4806748
0.4981823,0.46704578,0.45147765,0.43590945,0.43590945,0.45147765,0.4981823,0.59159148
0.67721641,0.7394892,0.77062559,0.77840984,0.77062559,0.77840984,0.77840984,0.75505745
0.74727333,0.74727333,0.72392106,0.71613693,0.71613693,0.72392106,0.67721641,0.56045496
0.53567982,0.50219977,0.48545986,0.46871984,0.46871984,0.48545986,0.53567982,0.63611984
0.72818971,0.7951498,0.82862973,0.83699989,0.82862973,0.83699989,0.83699989,0.81188977
0.80351973,0.80351973,0.77840984,0.7700398,0.7700398,0.77840984,0.72818971,0.60263979
0.52496624,0.49215579,0.47575062,0.4593454,0.4593454,0.47575062,0.52496624,0.62339735
0.71362591,0.77924669,0.81205702,0.82025981,0.81205702,0.82025981,0.82025981,0.79565191
0.78744924,0.78744924,0.76284146,0.75463891,0.75463891,0.76284146,0.71362591,0.5905869
0.51425266,0.48211181,0.46604139,0.44997102,0.44997102,0.46604139,0.51425266,0.61067498
0.69906211,0.76334369,0.79548454,0.80351973,0.79548454,0.80351973,0.80351973,0.77941406
0.77137887,0.77137887,0.74727333,0.73923814,0.73923814,0.74727333,0.69906211,0.57853413
0.50353909,0.47206783,0.45633221,0.44059664,0.44059664,0.45633221,0.50353909,0.5979526
0.68449831,0.7474407,0.77891195,0.78677976,0.77891195,0.78677976,0.78677976,0.76317632
0.75530851,0.75530851,0.73170519,0.72383738,0.72383738,0.73170519,0.68449831,0.56648135
0.47692245,0.45114285,0.4253633,0.41891837,0.4124735,0.39958364,0.39958364,0.4253633
0.52203667,0.55426121,0.58648574,0.59937549,0.59937549,0.59293067,0.58648574,0.58648574
0.59293067,0.60582042,0.61226535,0.61226535,0.64448988,0.59937549,0.56715107,0.51559186
0.46453482,0.43942487,0.41431493,0.40803742,0.40175992,0.38920486,0.38920486,0.41431493
0.50847733,0.53986478,0.57125235,0.58380735,0.58380735,0.57752979,0.57125235,0.57125235
0.57752979,0.59008479,0.59636235,0.59636235,0.62774992,0.58380735,0.5524199,0.50219989
0.51782382,0.4854598,0.4692778,0.45309585,0.45309585,0.4692778,0.51782382,0.61491585
0.70391667,0.76864469,0.8010087,0.80909979,0.8010087,0.80909979,0.80909979,0.78482676
0.77673578,0.77673578,0.75246274,0.74437177,0.74437177,0.75246274,0.70391667,0.58255172
0.55679989,0.52199984,0.50459981,0.48719984,0.48719984,0.50459981,0.55679989,0.66119981
0.75689971,0.82649982,0.86129975,0.86999989,0.86129975,0.86999989,0.86999989,0.84389973
0.83519971,0.83519971,0.80909979,0.80039978,0.80039978,0.80909979,0.75689971,0.62639976
0.54566383,0.51155972,0.49450779,0.47745579,0.47745579,0.49450779,0.54566383,0.6479758
0.74176168,0.80996966,0.84407365,0.85259974,0.84407365,0.85259974,0.85259974,0.82702172
0.81849563,0.81849563,0.79291773,0.78439176,0.78439176,0.79291773,0.74176168,0.61387169
0.53452778,0.50111973,0.48441583,0.46771181,0.46771181,0.48441583,0.53452778,0.6347518
0.72662365,0.79343975,0.82684767,0.83519971,0.82684767,0.83519971,0.83519971,0.81014371
0.80179167,0.80179167,0.77673578,0.76838374,0.76838374,0.77673578,0.72662365,0.60134375
0.52339184,0.4906798,0.47432381,0.45796782,0.45796782,0.47432381,0.52339184,0.62152779
0.71148574,0.77690971,0.80962169,0.81779981,0.80962169,0.81779981,0.81779981,0.7932657
0.7850877,0.7850877,0.76055372,0.75237572,0.75237572,0.76055372,0.71148574,0.58881581
0.49572581,0.46892983,0.4421339,0.43543488,0.42873591,0.4153378,0.4153378,0.4421339
0.54261887,0.57611382,0.60960877,0.62300682,0.62300682,0.61630785,0.60960877,0.60960877
0.61630785,0.62970579,0.63640475,0.63640475,0.66989982,0.62300682,0.58951187,0.53591979
0.48284984,0.45674986,0.43064988,0.4241249,0.41759992,0.40454984,0.40454984,0.43064988
0.52852488,0.56114984,0.5937748,0.60682487,0.60682487,0.60029983,0.5937748,0.5937748
0.60029983,0.61334979,0.61987483,0.61987483,0.65249991,0.60682487,0.57419991,0.52199984
0.52377593,0.49103987,0.4746719,0.45830387,0.45830387,0.4746719,0.52377593,0.62198389
0.71200776,0.77747989,0.81021583,0.81839991,0.81021583,0.81839991,0.81839991,0.7938478
0.78566384,0.78566384,0.76111186,0.7529279,0.7529279,0.76111186,0.71200776,0.58924782
0.56319988,0.52799988,0.51039982,0.49279994,0.49279994,0.51039982,0.56319988,0.66879988
0.76559985,0.83599985,0.87119985,0.87999999,0.87119985,0.87999999,0.87999999,0.85359991
0.84479988,0.84479988,0.81839991,0.80959988,0.80959988,0.81839991,0.76559985,0.63359988
0.55193591,0.51743984,0.50019181,0.48294389,0.48294389,0.50019181,0.55193591,0.65542388
0.75028777,0.81927979,0.85377574,0.86239982,0.85377574,0.86239982,0.86239982,0.83652782
0.82790375,0.82790375,0.80203176,0.7934078,0.7934078,0.80203176,0.75028777,0.62092781
0.54067183,0.50687981,0.48998386,0.47308791,0.47308791,0.48998386,0.54067183,0.64204788
0.73497581,0.80255985,0.83635175,0.84479988,0.83635175,0.84479988,0.84479988,0.81945574
0.81100786,0.81100786,0.78566384,0.77721584,0.77721584,0.78566384,0.73497581,0.60825586
0.52940786,0.49631983,0.47977585,0.46323186,0.46323186,0.47977585,0.52940786,0.62867188
0.71966374,0.7858398,0.81892776,0.82719994,0.81892776,0.82719994,0.82719994,0.80238378
0.79411185,0.79411185,0.76929581,0.76102388,0.76102388,0.76929581,0.71966374,0.5955838
0.50142384,0.47431993,0.44721591,0.44043994,0.43366396,0.42011189,0.42011189,0.44721591
0.5488559,0.5827359,0.61661589,0.63016784,0.63016784,0.62339187,0.61661589,0.61661589
0.62339187,0.63694394,0.64371991,0.64371991,0.67759991,0.63016784,0.59628797,0.54207993
0.48839992,0.46199989,0.43559992,0.42899996,0.42239994,0.40919989,0.40919989,0.43559992
0.5345999,0.56759989,0.60059988,0.61379993,0.61379993,0.60719991,0.60059988,0.60059988
0.60719991,0.62039995,0.62699985,0.62699985,0.65999997,0.61379993,0.58079994,0.52799988
0.50949109,0.47764784,0.46172625,0.44580466,0.44580466,0.46172625,0.50949109,0.60502064
0.6925894,0.75627577,0.78811896,0.79607987,0.78811896,0.79607987,0.79607987,0.77219737
0.76423657,0.76423657,0.74035418,0.73239338,0.73239338,0.74035418,0.6925894,0.57317746
0.54783988,0.51359987,0.49647987,0.47935986,0.47935986,0.49647987,0.54783988,0.6505599
0.74471974,0.81319988,0.84743977,0.85599995,0.84743977,0.85599995,0.85599995,0.83031976
0.82175982,0.82175982,0.79607987,0.78751981,0.78751981,0.79607987,0.74471974,0.61631978
0.536883,0.50332773,0.48655021,0.46977264,0.46977264,0.48655021,0.536883,0.63754868
0.72982538,0.7969358,0.83049095,0.83887982,0.83049095,0.83887982,0.83887982,0.81371331
0.80532455,0.80532455,0.78015816,0.7717694,0.7717694,0.78015816,0.72982538,0.60399342
0.52592623,0.49305582,0.47662061,0.46018547,0.46018547,0.47662061,0.52592623,0.62453747
0.71493089,0.78067172,0.81354213,0.82175982,0.81354213,0.82175982,0.82175982,0.79710698
0.78888941,0.78888941,0.76423657,0.756019,0.756019,0.76423657,0.71493089,0.59166694
0.51496947,0.48278385,0.46669108,0.45059824,0.45059824,0.46669108,0.51496947,0.61152625
0.70003653,0.76440775,0.79659331,0.80463982,0.79659331,0.80463982,0.80463982,0.78050053
0.77245414,0.77245414,0.74831498,0.74026859,0.74026859,0.74831498,0.70003653,0.57934058
0.48774868,0.46138388,0.43501914,0.42842793,0.42183673,0.40865427,0.40865427,0.43501914
0.53388703,0.56684303,0.59979904,0.61298144,0.61298144,0.60639024,0.59979904,0.59979904
0.60639024,0.61957264,0.62616384,0.62616384,0.65911984,0.61298144,0.58002543,0.52729583
0.47507989,0.44939989,0.42371994,0.41729993,0.41087991,0.39803988,0.39803988,0.42371994
0.52001989,0.55211985,0.58421993,0.59705985,0.59705985,0.59063983,0.58421993,0.58421993
0.59063983,0.60347986,0.60989988,0.60989988,0.64199996,0.59705985,0.56495988,0.51359987
0.48270714,0.45253789,0.43745327,0.4223687,0.4223687,0.43745327,0.48270714,0.57321465
0.6561799,0.71651828,0.74668753,0.7542299,0.74668753,0.7542299,0.7542299,0.73160291
0.72406065,0.72406065,0.70143378,0.69389141,0.69389141,0.70143378,0.6561799,0.5430454
0.51903987,0.48659986,0.47037989,0.45415992,0.45415992,0.47037989,0.51903987,0.61635995
0.70556986,0.77044988,0.80288982,0.81099999,0.80288982,0.81099999,0.81099999,0.78666985
0.77855992,0.77855992,0.7542299,0.74611986,0.74611986,0.7542299,0.70556986,0.58391988
0.50865912,0.47686785,0.46097225,0.44507664,0.44507664,0.46097225,0.50865912,0.60403264
0.69145834,0.75504076,0.78683197,0.7947799,0.78683197,0.7947799,0.7947799,0.77093637
0.76298857,0.76298857,0.73914516,0.73119748,0.73119748,0.73914516,0.69145834,0.57224143
0.49827832,0.46713585,0.45156467,0.43599349,0.43599349,0.45156467,0.49827832,0.59170544
0.67734694,0.73963177,0.77077413,0.77855992,0.77077413,0.77855992,0.77855992,0.75520301
0.74741745,0.74741745,0.72406065,0.7162751,0.7162751,0.72406065,0.67734694,0.56056297
0.48789751,0.45740384,0.44215709,0.42691028,0.42691028,0.44215709,0.48789751,0.57937825
0.66323554,0.72422278,0.7547164,0.76233983,0.7547164,0.76233983,0.76233983,0.73946965
0.73184621,0.73184621,0.70897603,0.7013526,0.7013526,0.70897603,0.66323554,0.54888463
0.46210766,0.4371289,0.41215014,0.40590543,0.39966077,0.38717127,0.38717127,0.41215014
0.50582063,0.53704405,0.56826758,0.58075702,0.58075702,0.57451224,0.56826758,0.56826758
0.57451224,0.58700168,0.59324634,0.59324634,0.62446988,0.58075702,0.54953349,0.49957591
0.45010489,0.42577493,0.40144497,0.39536244,0.38927996,0.37711489,0.37711489,0.40144497
0.49268246,0.52309489,0.55350745,0.5656724,0.5656724,0.55958986,0.55350745,0.55350745
0.55958986,0.57175493,0.57783735,0.57783735,0.6082499,0.5656724,0.53525996,0.48659992
0.53567994,0.50219977,0.48545986,0.4687199,0.4687199,0.48545986,0.53567994,0.63611984
0.72818983,0.7951498,0.82862973,0.83699989,0.82862973,0.83699989,0.83699989,0.81188977
0.80351984,0.80351984,0.77840984,0.7700398,0.7700398,0.77840984,0.72818983,0.60263979
0.57599986,0.53999984,0.52199984,0.50399983,0.50399983,0.52199984,0.57599986,0.6839999
0.78299987,0.8549999,0.89099979,0.89999998,0.89099979,0.89999998,0.89999998,0.87299979
0.86399984,0.86399984,0.83699989,0.82799983,0.82799983,0.83699989,0.78299987,0.64799988
0.56447983,0.52919984,0.51155984,0.49391985,0.49391985,0.51155984,0.56447983,0.6703198
0.76733971,0.8378998,0.87317967,0.88199985,0.87317967,0.88199985,0.88199985,0.8555398
0.84671974,0.84671974,0.82025981,0.81143975,0.81143975,0.82025981,0.76733971,0.63503981
0.55295992,0.51839983,0.50111985,0.48383987,0.48383987,0.50111985,0.55295992,0.65663981
0.75167978,0.82079983,0.85535979,0.86399984,0.85535979,0.86399984,0.86399984,0.83807981
0.82943976,0.82943976,0.80351984,0.79487979,0.79487979,0.80351984,0.75167978,0.62207985
0.54143989,0.50759983,0.49067986,0.47375989,0.47375989,0.49067986,0.54143989,0.64295983
0.73601973,0.80369985,0.83753979,0.84599984,0.83753979,0.84599984,0.84599984,0.82061982
0.81215978,0.81215978,0.78677988,0.77831984,0.77831984,0.78677988,0.73601973,0.60911977
0.51281989,0.48509991,0.45737994,0.45044994,0.44351995,0.42965984,0.42965984,0.45737994
0.56132984,0.59597981,0.6306299,0.64448988,0.64448988,0.63755989,0.6306299,0.6306299
0.63755989,0.65141988,0.65834987,0.65834987,0.69299996,0.64448988,0.60983992,0.55439985
0.49949986,0.47249991,0.44549996,0.43874997,0.43199992,0.41849989,0.41849989,0.44549996
0.54674983,0.58049989,0.61424994,0.62774992,0.62774992,0.62099993,0.61424994,0.61424994
0.62099993,0.63449991,0.64124989,0.64124989,0.67499995,0.62774992,0.59399986,0.53999984
0.5279423,0.49494582,0.47844768,0.46194947,0.46194947,0.47844768,0.5279423,0.62693143
0.71767151,0.78366435,0.81666064,0.82490981,0.81666064,0.82490981,0.82490981,0.80016243
0.79191339,0.79191339,0.76716614,0.75891697,0.75891697,0.76716614,0.71767151,0.59393501
0.56767988,0.53219986,0.51445985,0.4967199,0.4967199,0.51445985,0.56767988,0.67411995
0.77168977,0.84264982,0.87812984,0.88699996,0.87812984,0.88699996,0.88699996,0.86038983
0.85151982,0.85151982,0.82490981,0.81603992,0.81603992,0.82490981,0.77168977,0.63863981
0.55632627,0.52155578,0.50417066,0.48678547,0.48678547,0.50417066,0.55632627,0.6606375
0.75625598,0.82579672,0.86056709,0.86925983,0.86056709,0.86925983,0.86925983,0.84318197
0.83448935,0.83448935,0.8084116,0.79971898,0.79971898,0.8084116,0.75625598,0.62586701
0.54497266,0.51091182,0.49388146,0.47685105,0.47685105,0.49388146,0.54497266,0.64715505
0.7408222,0.80894375,0.84300458,0.85151982,0.84300458,0.85151982,0.85151982,0.82597411
0.81745899,0.81745899,0.79191339,0.78339815,0.78339815,0.79191339,0.7408222,0.61309421
0.53361905,0.50026786,0.48359227,0.46691668,0.46691668,0.48359227,0.53361905,0.63367271
0.72538841,0.79209077,0.82544196,0.83377981,0.82544196,0.83377981,0.83377981,0.80876636
0.80042863,0.80042863,0.77541518,0.76707745,0.76707745,0.77541518,0.72538841,0.60032141
0.50541246,0.47809291,0.4507733,0.44394344,0.43711352,0.42345369,0.42345369,0.4507733
0.55322182,0.58737123,0.62152076,0.63518059,0.63518059,0.62835062,0.62152076,0.62152076
0.62835062,0.64201045,0.64884031,0.64884031,0.68298995,0.63518059,0.60103106,0.54639184
0.49228489,0.46567488,0.43906492,0.43241245,0.42575997,0.4124549,0.4124549,0.43906492
0.53885233,0.57211482,0.60537744,0.61868238,0.61868238,0.61202991,0.60537744,0.60537744
0.61202991,0.62533486,0.63198733,0.63198733,0.66524994,0.61868238,0.58541989,0.53219986
0.53329909,0.49996787,0.48330229,0.46663672,0.46663672,0.48330229,0.53329909,0.63329267
0.72495341,0.79161584,0.824947,0.83327997,0.824947,0.83327997,0.83327997,0.80828142
0.79994869,0.79994869,0.77495027,0.76661754,0.76661754,0.77495027,0.72495341,0.5999614
0.57343996,0.53759992,0.5196799,0.50175989,0.50175989,0.5196799,0.57343996,0.68095994
0.77951992,0.85119986,0.8870399,0.89600003,0.8870399,0.89600003,0.89600003,0.86911988
0.86015987,0.86015987,0.83327997,0.82431996,0.82431996,0.83327997,0.77951992,0.64511991
0.56197107,0.52684784,0.50928628,0.49172467,0.49172467,0.50928628,0.56197107,0.66734064
0.76392937,0.83417582,0.86929893,0.87807989,0.86929893,0.87807989,0.87807989,0.85173738
0.84295666,0.84295666,0.81661427,0.80783343,0.80783343,0.81661427,0.76392937,0.63221741
0.5505023,0.51609588,0.49889266,0.48168951,0.48168951,0.49889266,0.5505023,0.65372145
0.74833906,0.81715178,0.85155821,0.86015987,0.85155821,0.86015987,0.86015987,0.834355
0.82575345,0.82575345,0.79994869,0.79134703,0.79134703,0.79994869,0.74833906,0.61931503
0.53903353,0.50534379,0.4884991,0.4716543,0.4716543,0.4884991,0.53903353,0.64010227
0.73274863,0.80012786,0.83381736,0.84223986,0.83381736,0.84223986,0.84223986,0.81697261
0.80855024,0.80855024,0.78328311,0.77486062,0.77486062,0.78328311,0.73274863,0.60641265
0.51054072,0.48294395,0.45534712,0.44844794,0.44154876,0.42775029,0.42775029,0.45534712
0.55883515,0.5933311,0.62782717,0.64162552,0.64162552,0.63472629,0.62782717,0.62782717
0.63472629,0.64852464,0.65542388,0.65542388,0.68991995,0.64162552,0.60712957,0.55193591
0.49727988,0.47039992,0.44351995,0.43679994,0.43008,0.41663992,0.41663992,0.44351995
0.54431987,0.57791984,0.61151993,0.62495995,0.62495995,0.61823988,0.61151993,0.61151993
0.61823988,0.63167989,0.63839996,0.63839996,0.67199993,0.62495995,0.59135997,0.53759992
0.51246715,0.48043787,0.4644233,0.44840872,0.44840872,0.4644233,0.51246715,0.60855472
0.69663501,0.76069343,0.79272258,0.80072999,0.79272258,0.80072999,0.80072999,0.77670801
0.76870072,0.76870072,0.74467885,0.73667157,0.73667157,0.74467885,0.69663501,0.57652545
0.55103993,0.51659989,0.49937993,0.48215997,0.48215997,0.49937993,0.55103993,0.65435994
0.74906993,0.81794989,0.85238993,0.86100006,0.85238993,0.86100006,0.86100006,0.83516991
0.8265599,0.8265599,0.80072999,0.79211998,0.79211998,0.80072999,0.74906993,0.6199199
0.54001915,0.50626779,0.48939228,0.47251672,0.47251672,0.48939228,0.54001915,0.64127266
0.73408842,0.8015908,0.83534205,0.84377992,0.83534205,0.84377992,0.84377992,0.81846642
0.81002867,0.81002867,0.78471529,0.77627742,0.77627742,0.78471529,0.73408842,0.60752141
0.52899837,0.49593586,0.47940469,0.46287352,0.46287352,0.47940469,0.52899837,0.62818551
0.71910703,0.78523183,0.81829429,0.8265599,0.81829429,0.8265599,0.8265599,0.80176306
0.79349744,0.79349744,0.76870072,0.7604351,0.7604351,0.76870072,0.71910703,0.59512305
0.51797748,0.48560387,0.46941709,0.45323032,0.45323032,0.46941709,0.51797748,0.61509836
0.70412564,0.76887286,0.8012464,0.80934,0.8012464,0.80934,0.80934,0.78505969
0.77696633,0.77696633,0.75268614,0.74459267,0.74459267,0.75268614,0.70412564,0.58272469
0.49059772,0.46407896,0.43756014,0.43093049,0.42430079,0.41104132,0.41104132,0.43756014
0.53700566,0.57015407,0.6033026,0.61656201,0.61656201,0.6099323,0.6033026,0.6033026
0.6099323,0.62319171,0.62982142,0.62982142,0.66296995,0.61656201,0.5834136,0.53037596
0.47785491,0.45202494,0.42619497,0.41973746,0.41328001,0.40036494,0.40036494,0.42619497
0.52305746,0.55534494,0.58763242,0.60054743,0.60054743,0.59408998,0.58763242,0.58763242
0.59408998,0.607005,0.61346245,0.61346245,0.64575005,0.60054743,0.56825995,0.51659989
0.44937593,0.42128986,0.40724689,0.39320391,0.39320391,0.40724689,0.44937593,0.53363395
0.61087036,0.66704237,0.69512832,0.70214987,0.69512832,0.70214987,0.70214987,0.68108535
0.6740638,0.6740638,0.6529994,0.64597785,0.64597785,0.6529994,0.61087036,0.50554788
0.48319995,0.45299989,0.43789989,0.42279994,0.42279994,0.43789989,0.48319995,0.57379997
0.65684986,0.71724987,0.74744987,0.75499999,0.74744987,0.75499999,0.75499999,0.73234987
0.72479987,0.72479987,0.70214987,0.69459987,0.69459987,0.70214987,0.65684986,0.54359984
0.4735359,0.44393986,0.42914188,0.41434389,0.41434389,0.42914188,0.4735359,0.56232393
0.64371276,0.70290482,0.73250079,0.73989987,0.73250079,0.73989987,0.73989987,0.71770275
0.71030378,0.71030378,0.68810677,0.68070781,0.68070781,0.68810677,0.64371276,0.53272784
0.4638719,0.43487984,0.42038387,0.4058879,0.4058879,0.42038387,0.4638719,0.55084789
0.63057578,0.68855977,0.71755183,0.72479987,0.71755183,0.72479987,0.72479987,0.70305586
0.69580781,0.69580781,0.6740638,0.66681588,0.66681588,0.6740638,0.63057578,0.52185583
0.45420796,0.42581987,0.41162586,0.39743191,0.39743191,0.41162586,0.45420796,0.53937185
0.61743879,0.67421484,0.70260286,0.70969987,0.70260286,0.70969987,0.70969987,0.68840885
0.68131185,0.68131185,0.66002083,0.65292382,0.65292382,0.66002083,0.61743879,0.51098382
0.43019891,0.40694493,0.38369095,0.37787747,0.37206393,0.36043692,0.36043692,0.38369095
0.47089344,0.4999609,0.52902842,0.54065537,0.54065537,0.53484189,0.52902842,0.52902842
0.53484189,0.54646885,0.55228233,0.55228233,0.58134997,0.54065537,0.51158798,0.4650799
0.41902488,0.39637494,0.37372494,0.36806244,0.36239994,0.35107487,0.35107487,0.37372494
0.45866245,0.48697489,0.5152874,0.5266124,0.5266124,0.52094996,0.5152874,0.5152874
0.52094996,0.53227496,0.5379374,0.5379374,0.56624997,0.5266124,0.49829996,0.45299995
0.48568314,0.45532787,0.44015026,0.42497271,0.42497271,0.44015026,0.48568314,0.57674873
0.66022539,0.72093582,0.75129104,0.7588799,0.75129104,0.7588799,0.7588799,0.73611343
0.72852457,0.72852457,0.70575821,0.69816947,0.69816947,0.70575821,0.66022539,0.54639339
0.52223992,0.48959988,0.47327989,0.4569599,0.4569599,0.47327989,0.52223992,0.62015986
0.70991981,0.77519989,0.80783987,0.81599998,0.80783987,0.81599998,0.81599998,0.79151988
0.78335988,0.78335988,0.7588799,0.7507199,0.7507199,0.7588799,0.70991981,0.58751988
0.51179504,0.47980785,0.46381426,0.44782066,0.44782066,0.46381426,0.51179504,0.60775661
0.69572139,0.75969577,0.79168296,0.79967988,0.79168296,0.79967988,0.79967988,0.77568936
0.76769257,0.76769257,0.74370217,0.73570538,0.73570538,0.74370217,0.69572139,0.57576942
0.50135028,0.47001582,0.45434868,0.43868148,0.43868148,0.45434868,0.50135028,0.59535348
0.68152297,0.74419177,0.77552617,0.78335988,0.77552617,0.78335988,0.78335988,0.75985897
0.75202537,0.75202537,0.72852457,0.72069108,0.72069108,0.72852457,0.68152297,0.56401896
0.49090552,0.46022385,0.44488305,0.4295423,0.4295423,0.44488305,0.49090552,0.58295023
0.66732454,0.72868788,0.75936937,0.76703989,0.75936937,0.76703989,0.76703989,0.74402857
0.73635817,0.73635817,0.71334708,0.70567667,0.70567667,0.71334708,0.66732454,0.55226862
0.4649567,0.43982393,0.41469115,0.40840793,0.40212476,0.38955826,0.38955826,0.41469115
0.50893903,0.54035509,0.57177114,0.58433747,0.58433747,0.57805431,0.57177114,0.57177114
0.57805431,0.59062064,0.59690392,0.59690392,0.62831986,0.58433747,0.55292153,0.50265586
0.45287991,0.42839992,0.40391993,0.39779997,0.39167994,0.37943989,0.37943989,0.40391993
0.49571991,0.52631986,0.55691993,0.56915987,0.56915987,0.5630399,0.55691993,0.55691993
0.5630399,0.57527995,0.58139992,0.58139992,0.61199999,0.56915987,0.53855991,0.48959994
0.47675514,0.44695789,0.43205929,0.41716069,0.41716069,0.43205929,0.47675514,0.56614673
0.64808893,0.70768332,0.73748052,0.74492991,0.73748052,0.74492991,0.74492991,0.72258198
0.71513259,0.71513259,0.69278479,0.68533552,0.68533552,0.69278479,0.64808893,0.53634942
0.51263988,0.48059988,0.46457988,0.44855994,0.44855994,0.46457988,0.51263988,0.60875988
0.69686985,0.76094985,0.79298985,0.801,0.79298985,0.801,0.801,0.77696991
0.76895988,0.76895988,0.74492991,0.73691988,0.73691988,0.74492991,0.69686985,0.57671988
0.50238705,0.47098786,0.45528829,0.43958867,0.43958867,0.45528829,0.50238705,0.59658468
0.68293238,0.74573076,0.77713001,0.78497982,0.77713001,0.78497982,0.78497982,0.76143038
0.75358057,0.75358057,0.73003125,0.72218144,0.72218144,0.73003125,0.68293238,0.56518543
0.49213433,0.46137583,0.4459967,0.43061751,0.43061751,0.4459967,0.49213433,0.58440947
0.66899502,0.73051178,0.76127017,0.76895988,0.76127017,0.76895988,0.76895988,0.74589097
0.73820138,0.73820138,0.71513259,0.707443,0.707443,0.71513259,0.66899502,0.55365097
0.4818815,0.45176387,0.43670511,0.4216463,0.4216463,0.43670511,0.4818815,0.57223427
0.65505767,0.71529281,0.74541044,0.75293994,0.74541044,0.75293994,0.75293994,0.73035157
0.72282219,0.72282219,0.70023406,0.69270468,0.69270468,0.70023406,0.65505767,0.54211664
0.45640969,0.43173891,0.40706813,0.40090042,0.39473277,0.38239729,0.38239729,0.40706813
0.4995836,0.53042209,0.56126058,0.573596,0.573596,0.56742835,0.56126058,0.56126058
0.56742835,0.57976365,0.58593142,0.58593142,0.61676991,0.573596,0.54275751,0.49341595
0.44455492,0.42052495,0.39649492,0.39048743,0.38447994,0.37246489,0.37246489,0.39649492
0.48660743,0.51664484,0.54668248,0.55869746,0.55869746,0.55268991,0.54668248,0.54668248
0.55268991,0.56470489,0.57071245,0.57071245,0.60074997,0.55869746,0.52865994,0.48059994
0.52377593,0.49103987,0.4746719,0.45830387,0.45830387,0.4746719,0.52377593,0.62198389
0.71200776,0.77747989,0.81021583,0.81839991,0.81021583,0.81839991,0.81839991,0.7938478
0.78566384,0.78566384,0.76111186,0.7529279,0.7529279,0.76111186,0.71200776,0.58924782
0.56319988,0.52799988,0.51039982,0.49279994,0.49279994,0.51039982,0.56319988,0.66879988
0.76559985,0.83599985,0.87119985,0.87999999,0.87119985,0.87999999,0.87999999,0.85359991
0.84479988,0.84479988,0.81839991,0.80959988,0.80959988,0.81839991,0.76559985,0.63359988
0.55193591,0.51743984,0.50019181,0.48294389,0.48294389,0.50019181,0.55193591,0.65542388
0.75028777,0.81927979,0.85377574,0.86239982,0.85377574,0.86239982,0.86239982,0.83652782
0.82790375,0.82790375,0.80203176,0.7934078,0.7934078,0.80203176,0.75028777,0.62092781
0.54067183,0.50687981,0.48998386,0.47308791,0.47308791,0.48998386,0.54067183,0.64204788
0.73497581,0.80255985,0.83635175,0.84479988,0.83635175,0.84479988,0.84479988,0.81945574
0.81100786,0.81100786,0.78566384,0.77721584,0.77721584,0.78566384,0.73497581,0.60825586
0.52940786,0.49631983,0.47977585,0.46323186,0.46323186,0.47977585,0.52940786,0.62867188
0.71966374,0.7858398,0.81892776,0.82719994,0.81892776,0.82719994,0.82719994,0.80238378
0.79411185,0.79411185,0.76929581,0.76102388,0.76102388,0.76929581,0.71966374,0.5955838
0.50142384,0.47431993,0.44721591,0.44043994,0.43366396,0.42011189,0.42011189,0.44721591
0.5488559,0.5827359,0.61661589,0.63016784,0.63016784,0.62339187,0.61661589,0.61661589
0.62339187,0.63694394,0.64371991,0.64371991,0.67759991,0.63016784,0.59628797,0.54207993
0.48839992,0.46199989,0.43559992,0.42899996,0.42239994,0.40919989,0.40919989,0.43559992
0.5345999,0.56759989,0.60059988,0.61379993,0.61379993,0.60719991,0.60059988,0.60059988
0.60719991,0.62039995,0.62699985,0.62699985,0.65999997,0.61379993,0.58079994,0.52799988
0.42301965,0.41630501,0.40287584,0.38944662,0.3961612,0.43644887,0.48345101,0.5707407
0.63788676,0.66474509,0.67145979,0.66474509,0.6244576,0.61774301,0.60431385,0.59088457
0.60431385,0.61774301,0.64460134,0.65803051,0.64460134,0.60431385,0.53716779,0.47002184
0.45485991,0.44763982,0.43319982,0.41875982,0.42597985,0.46929985,0.51983976,0.61369979
0.68589973,0.71477973,0.72199988,0.71477973,0.67145979,0.66423976,0.64979982,0.63535988
0.64979982,0.66423976,0.69311976,0.7075597,0.69311976,0.64979982,0.57759976,0.50539982
0.44576263,0.43868697,0.42453581,0.4103846,0.4174602,0.45991385,0.50944293,0.60142577
0.67218173,0.70048404,0.7075597,0.70048404,0.65803051,0.65095496,0.63680375,0.62265253
0.63680375,0.65095496,0.67925727,0.69340849,0.67925727,0.63680375,0.56604779,0.49529177
0.43666548,0.42973417,0.4158718,0.40200943,0.40894061,0.45052785,0.49904621,0.58915174
0.65846372,0.68618846,0.69311976,0.68618846,0.64460134,0.63767016,0.62380779,0.60994542
0.62380779,0.63767016,0.6653949,0.67925727,0.6653949,0.62380779,0.55449581,0.48518378
0.42756826,0.42078137,0.40720779,0.3936342,0.40042102,0.44114184,0.48864937,0.57687771
0.64474571,0.67189288,0.67867982,0.67189288,0.63117218,0.62438536,0.61081183,0.59723818
0.61081183,0.62438536,0.65153253,0.66510618,0.65153253,0.61081183,0.54294383,0.47507584
0.41695487,0.40583605,0.38359845,0.36692029,0.36136091,0.36136091,0.37803906,0.41139543
0.46143001,0.49478644,0.5114646,0.52258337,0.50590527,0.50034583,0.50034583,0.47810823
0.47254884,0.48922706,0.5114646,0.55593979,0.53926158,0.52814281,0.50034583,0.47254884
0.40612489,0.39529484,0.37363487,0.35738987,0.3519749,0.3519749,0.36821991,0.40070987
0.44944483,0.4819349,0.49817985,0.50900984,0.49276489,0.48734987,0.48734987,0.46568984
0.46027482,0.47651988,0.49817985,0.54149985,0.52525485,0.5144248,0.48734987,0.46027482
0.45465833,0.44744146,0.4330079,0.41857433,0.42579108,0.46909195,0.51960945,0.61342788
0.68559587,0.714463,0.72167993,0.714463,0.67116225,0.66394544,0.64951193,0.63507831
0.64951193,0.66394544,0.69281268,0.7072463,0.69281268,0.64951193,0.57734394,0.50517583
0.48887998,0.48111987,0.46559989,0.45007992,0.45783991,0.5043999,0.55871987,0.6595999
0.7371999,0.76823986,0.77600002,0.76823986,0.72167993,0.71391988,0.6983999,0.68287992
0.6983999,0.71391988,0.74495995,0.76047993,0.74495995,0.6983999,0.6207999,0.5431999
0.47910231,0.47149748,0.45628786,0.4410783,0.44868308,0.49431193,0.54754543,0.64640784
0.72245586,0.75287497,0.76047993,0.75287497,0.7072463,0.69964147,0.68443191,0.66922224
0.68443191,0.69964147,0.73006058,0.74527025,0.73006058,0.68443191,0.60838389,0.53233588
0.46932477,0.46187508,0.44697589,0.43207669,0.43952626,0.4842239,0.53637099,0.63321578
0.70771182,0.7375102,0.74495995,0.7375102,0.69281268,0.68536305,0.67046392,0.65556467
0.67046392,0.68536305,0.71516144,0.73006058,0.71516144,0.67046392,0.59596789,0.52147186
0.45954716,0.45225269,0.43766391,0.42307508,0.4303695,0.47413593,0.52519667,0.62002385
0.69296789,0.72214544,0.72943985,0.72214544,0.67837906,0.67108464,0.65649593,0.6419071
0.65649593,0.67108464,0.70026231,0.71485102,0.70026231,0.65649593,0.58355188,0.51060784
0.44813997,0.43618953,0.41228873,0.39436316,0.38838798,0.38838798,0.40631354,0.44216472
0.49594152,0.53179276,0.54971826,0.56166875,0.54374313,0.53776789,0.53776789,0.51386702
0.50789189,0.52581751,0.54971826,0.59751999,0.57959425,0.56764388,0.53776789,0.50789189
0.43650001,0.42485994,0.40157992,0.38411999,0.37829995,0.37829995,0.39575994,0.43067992
0.48305994,0.51797998,0.53543997,0.54707992,0.52961993,0.5237999,0.5237999,0.50051987
0.49469995,0.51215994,0.53543997,0.58200002,0.56453991,0.55289996,0.5237999,0.49469995
0.4687199,0.46127981,0.44639987,0.43151987,0.43895984,0.4835999,0.53567982,0.6323998
0.70679986,0.73655975,0.74399984,0.73655975,0.6919198,0.68447983,0.66959989,0.65471983
0.66959989,0.68447983,0.71423984,0.72911978,0.71423984,0.66959989,0.59519982,0.52079987
0.50399995,0.49599987,0.47999984,0.46399987,0.47199988,0.51999986,0.57599986,0.67999983
0.75999987,0.79199982,0.79999995,0.79199982,0.74399984,0.73599982,0.71999991,0.70399988
0.71999991,0.73599982,0.76799989,0.7839998,0.76799989,0.71999991,0.63999987,0.55999982
0.49391991,0.48607981,0.4703998,0.45471984,0.46255982,0.5095998,0.56447983,0.66639972
0.74479973,0.77615976,0.7839998,0.77615976,0.72911978,0.72127974,0.70559978,0.68991983
0.70559978,0.72127974,0.75263977,0.76831973,0.75263977,0.70559978,0.62719977,0.54879975
0.48383987,0.47615981,0.46079981,0.44543987,0.45311981,0.49919987,0.5529598,0.65279973
0.72959983,0.76031971,0.76799989,0.76031971,0.71423984,0.70655978,0.69119978,0.67583978
0.69119978,0.70655978,0.73727977,0.75263977,0.73727977,0.69119978,0.61439979,0.5375998
0.47375989,0.46623981,0.45119983,0.43615985,0.44367987,0.48879987,0.54143977,0.63919973
0.71439981,0.74447978,0.75199985,0.74447978,0.69935977,0.69183981,0.67679989,0.66175985
0.67679989,0.69183981,0.72191977,0.73695981,0.72191977,0.67679989,0.60159981,0.52639985
0.46199995,0.44967985,0.42503989,0.40655994,0.40039992,0.40039992,0.41887993,0.45583987
0.51127982,0.54823983,0.56671989,0.57903981,0.56055987,0.55439985,0.55439985,0.52975988
0.52359986,0.54207993,0.56671989,0.61599994,0.59751987,0.58519983,0.55439985,0.52359986
0.44999993,0.4379999,0.41399991,0.39599991,0.38999993,0.38999993,0.40799993,0.44399989
0.49799991,0.53399992,0.55199993,0.56399989,0.54599988,0.53999984,0.53999984,0.51599979
0.50999987,0.52799988,0.55199993,0.5999999,0.5819999,0.56999981,0.53999984,0.50999987
0.42712098,0.42034119,0.40678179,0.39322239,0.40000212,0.44068032,0.4881382,0.57627428
0.64407122,0.67119002,0.67796981,0.67119002,0.63051188,0.62373221,0.61017275,0.59661341
0.61017275,0.62373221,0.65085089,0.66441035,0.65085089,0.61017275,0.5423758,0.4745788
0.45926988,0.45197982,0.4373998,0.42281985,0.4301098,0.47384983,0.52487981,0.61964977
0.69254971,0.72170973,0.72899985,0.72170973,0.67796981,0.67067981,0.6560998,0.64151978
0.6560998,0.67067981,0.69983971,0.71441972,0.69983971,0.6560998,0.58319974,0.5102998
0.45008445,0.44294018,0.42865175,0.41436338,0.4215076,0.46437281,0.51438212,0.60725665
0.67869866,0.70727539,0.71441972,0.70727539,0.66441035,0.65726614,0.64297771,0.62868929
0.64297771,0.65726614,0.68584287,0.7001313,0.68584287,0.64297771,0.57153571,0.5000937
0.44089901,0.43390059,0.41990375,0.40590697,0.41290539,0.45489579,0.50388455,0.59486365
0.66484773,0.69284129,0.69983971,0.69284129,0.65085089,0.64385247,0.62985575,0.61585891
0.62985575,0.64385247,0.67184603,0.68584287,0.67184603,0.62985575,0.55987179,0.48988777
0.43171364,0.42486095,0.41115582,0.39745063,0.40430319,0.44541883,0.49338698,0.58247077
0.65099668,0.67840707,0.6852597,0.67840707,0.63729155,0.63043892,0.61673379,0.60302854
0.61673379,0.63043892,0.65784931,0.67155445,0.65784931,0.61673379,0.54820776,0.47968179
0.42099738,0.40977073,0.38731754,0.37047768,0.36486435,0.36486435,0.38170427,0.41538399
0.4659037,0.49958354,0.51642334,0.52765,0.51081014,0.50519681,0.50519681,0.48274362
0.47713029,0.49397027,0.51642334,0.56132984,0.54448986,0.53326333,0.50519681,0.47713029
0.41006237,0.39912736,0.37725735,0.36085486,0.35538739,0.35538739,0.37178987,0.40459484
0.45380235,0.48660737,0.5030098,0.51394474,0.49754238,0.49207485,0.49207485,0.47020483
0.4647373,0.4811399,0.5030098,0.54674983,0.53034723,0.51941228,0.49207485,0.4647373
0.4253633,0.41861147,0.40510786,0.39160424,0.39835608,0.43886691,0.48612946,0.57390285
0.64142084,0.66842794,0.67517984,0.66842794,0.62791717,0.62116539,0.60766184,0.59415829
0.60766184,0.62116539,0.64817262,0.66167617,0.64817262,0.60766184,0.54014385,0.47262585
0.45737994,0.45011985,0.43559986,0.42107987,0.4283399,0.47189993,0.52271986,0.61709988
0.68969989,0.71873987,0.72599995,0.71873987,0.67517984,0.66791987,0.65339982,0.63887989
0.65339982,0.66791987,0.69695985,0.71147978,0.69695985,0.65339982,0.58079982,0.50819981
0.44823229,0.44111741,0.42688781,0.41265827,0.41977304,0.46246189,0.51226544,0.60475779
0.67590582,0.7043649,0.71147978,0.7043649,0.66167617,0.6545614,0.64033186,0.62610221
0.64033186,0.6545614,0.68302059,0.69725013,0.68302059,0.64033186,0.56918383,0.49803585
0.43908471,0.43211502,0.41817582,0.40423667,0.41120625,0.45302391,0.50181103,0.59241581
0.66211176,0.68999016,0.69695985,0.68999016,0.64817262,0.64120305,0.62726378,0.61332464
0.62726378,0.64120305,0.66908133,0.68302059,0.66908133,0.62726378,0.55756783,0.48787183
0.42993712,0.42311263,0.40946382,0.39581507,0.40263945,0.44358587,0.49135667,0.58007383
0.64831781,0.67561543,0.6824398,0.67561543,0.63466907,0.62784457,0.61419582,0.60054707
0.61419582,0.62784457,0.65514219,0.66879094,0.65514219,0.61419582,0.54595184,0.47770786
0.41926491,0.40808445,0.38572371,0.36895311,0.36336291,0.36336291,0.38013351,0.41367465
0.46398646,0.49752772,0.51429832,0.5254786,0.50870812,0.50311792,0.50311792,0.48075706
0.47516686,0.49193752,0.51429832,0.55901992,0.5422492,0.5310688,0.50311792,0.47516686
0.40837496,0.3974849,0.37570488,0.35936993,0.35392493,0.35392493,0.37025994,0.4029299
0.45193487,0.48460495,0.50093985,0.51182985,0.4954949,0.4900499,0.4900499,0.46826988
0.46282488,0.47915995,0.50093985,0.54449987,0.52816486,0.51727486,0.4900499,0.46282488
0.41305941,0.40650284,0.39338982,0.38027686,0.38683337,0.42617238,0.47206783,0.55730224
0.62286735,0.64909327,0.65564978,0.64909327,0.60975432,0.60319781,0.59008479,0.57697189
0.59008479,0.60319781,0.62942374,0.64253676,0.62942374,0.59008479,0.5245198,0.45895487
0.44414991,0.43709981,0.42299986,0.40889984,0.41594988,0.45824993,0.50759983,0.59924984
0.66974986,0.69794977,0.70499992,0.69794977,0.65564978,0.64859986,0.63449991,0.62039983
0.63449991,0.64859986,0.67679977,0.69089985,0.67679977,0.63449991,0.56399989,0.49349987
0.43526685,0.42835778,0.41453981,0.40072185,0.4076308,0.44908488,0.49744779,0.58726478
0.65635478,0.68399072,0.69089985,0.68399072,0.64253676,0.63562775,0.62180984,0.60799181
0.62180984,0.63562775,0.6632638,0.6770817,0.6632638,0.62180984,0.55271983,0.48362982
0.42638391,0.4196158,0.40607983,0.39254385,0.39931184,0.43991989,0.48729581,0.57527971
0.64295971,0.67003179,0.67679977,0.67003179,0.62942374,0.62265575,0.60911977,0.5955838
0.60911977,0.62265575,0.6497277,0.6632638,0.6497277,0.60911977,0.54143977,0.47375983
0.41750091,0.41087383,0.39761984,0.38436586,0.39099282,0.4307549,0.47714382,0.56329477
0.62956476,0.65607274,0.66269982,0.65607274,0.61631083,0.60968375,0.59642982,0.58317578
0.59642982,0.60968375,0.63619173,0.64944577,0.63619173,0.59642982,0.53015983,0.46388984
0.40713739,0.39628035,0.37456638,0.3582809,0.3528524,0.3528524,0.36913788,0.40170884
0.4505654,0.48313642,0.49942189,0.51027882,0.4939934,0.48856491,0.48856491,0.46685088
0.46142238,0.47770792,0.49942189,0.5428499,0.52656436,0.51570737,0.48856491,0.46142238
0.39656246,0.3859874,0.36483741,0.34897494,0.34368741,0.34368741,0.35954988,0.39127487
0.43886238,0.47058743,0.4864499,0.49702489,0.48116243,0.4758749,0.4758749,0.45472485
0.44943738,0.4652999,0.4864499,0.52874994,0.51288736,0.5023123,0.4758749,0.44943738
0.45700192,0.44974786,0.43523985,0.4207319,0.42798585,0.47150993,0.52228785,0.61658978
0.68912983,0.71814585,0.72539985,0.71814585,0.67462182,0.66736782,0.65285981,0.63835192
0.65285981,0.66736782,0.69638383,0.71089184,0.69638383,0.65285981,0.58031988,0.50777984
0.49139994,0.48359984,0.46799988,0.45239991,0.46019989,0.50699985,0.56159985,0.66299987
0.74099982,0.77219987,0.77999997,0.77219987,0.72539985,0.71759987,0.7019999,0.68639994
0.7019999,0.71759987,0.7487998,0.76439989,0.7487998,0.7019999,0.62399983,0.54599988
0.48157191,0.4739278,0.45863986,0.44335186,0.45099586,0.49685991,0.55036783,0.64973974
0.72617984,0.75675571,0.76439989,0.75675571,0.71089184,0.70324779,0.68795979,0.67267179
0.68795979,0.70324779,0.73382378,0.74911177,0.73382378,0.68795979,0.61151981,0.53507984
0.47174388,0.46425581,0.44927984,0.43430388,0.44179183,0.48671991,0.53913581,0.63647974
0.71135986,0.74131179,0.7487998,0.74131179,0.69638383,0.68889582,0.6739198,0.65894389
0.6739198,0.68889582,0.71884775,0.73382378,0.71884775,0.6739198,0.59903979,0.52415979
0.46191591,0.45458382,0.43991983,0.42525589,0.43258786,0.4765799,0.52790379,0.62321985
0.69653976,0.72586775,0.73319983,0.72586775,0.68187582,0.67454386,0.6598798,0.64521587
0.6598798,0.67454386,0.70387185,0.71853578,0.70387185,0.6598798,0.58655989,0.51323986
0.45044994,0.43843788,0.41441393,0.39639592,0.39038992,0.39038992,0.40840793,0.44444388
0.4984979,0.53453386,0.55255187,0.56456387,0.54654586,0.54053986,0.54053986,0.51651585
0.51050985,0.52852786,0.55255187,0.60059988,0.58258188,0.57056987,0.54053986,0.51050985
0.43874997,0.42704987,0.40364993,0.38609993,0.38024992,0.38024992,0.39779991,0.43289989
0.48554993,0.52064991,0.5381999,0.54989994,0.53234994,0.52649987,0.52649987,0.50309992
0.4972499,0.51479995,0.5381999,0.58499992,0.56744981,0.55574989,0.52649987,0.4972499
0.4072004,0.40073681,0.38780987,0.37488288,0.38134634,0.42012739,0.46537185,0.54939735
0.61403227,0.63988626,0.64634979,0.63988626,0.60110533,0.5946418,0.58171487,0.56878781
0.58171487,0.5946418,0.6204958,0.63342273,0.6204958,0.58171487,0.51707983,0.45244485
0.43784994,0.43089986,0.41699988,0.40309989,0.41004986,0.45174992,0.50039983,0.59074986
0.66024983,0.68804979,0.69499993,0.68804979,0.64634979,0.63939989,0.62549984,0.61159992
0.62549984,0.63939989,0.66719985,0.68109977,0.66719985,0.62549984,0.55599987,0.48649985
0.42909288,0.4222818,0.40865982,0.39503783,0.40184885,0.44271487,0.49039179,0.57893479
0.64704478,0.67428875,0.68109977,0.67428875,0.63342273,0.62661183,0.61298978,0.59936786
0.61298978,0.62661183,0.6538558,0.66747773,0.6538558,0.61298978,0.54487979,0.4767698
0.42033589,0.4136638,0.40031981,0.38697582,0.39364785,0.43367988,0.48038381,0.56711972
0.63383973,0.66052771,0.66719985,0.66052771,0.6204958,0.61382377,0.60047984,0.58713579
0.60047984,0.61382377,0.64051175,0.6538558,0.64051175,0.60047984,0.53375983,0.46703982
0.41157889,0.40504581,0.39197987,0.37891388,0.38544685,0.42464489,0.47037584,0.55530477
0.62063479,0.64676678,0.65329981,0.64676678,0.60756886,0.60103583,0.58796978,0.57490385
0.58796978,0.60103583,0.62716782,0.64023375,0.62716782,0.58796978,0.52263987,0.45730984
0.40136242,0.39065939,0.3692534,0.35319889,0.3478474,0.3478474,0.36390191,0.39601088
0.44417435,0.47628343,0.49233788,0.50304079,0.4869864,0.48163491,0.48163491,0.46022886
0.45487738,0.47093189,0.49233788,0.53514993,0.5190953,0.50839233,0.48163491,0.45487738
0.39093745,0.38051236,0.35966241,0.3440249,0.33881241,0.33881241,0.35444993,0.3857249
0.43263739,0.46391243,0.47954988,0.48997492,0.4743374,0.46912491,0.46912491,0.44827485
0.44306236,0.45869994,0.47954988,0.52124989,0.50561237,0.4951874,0.46912491,0.44306236
0.42419147,0.41745818,0.40399182,0.3905254,0.39725864,0.43765783,0.48479021,0.57232177
0.63965368,0.66658652,0.67331982,0.66658652,0.62618732,0.61945415,0.60598779,0.59252143
0.60598779,0.61945415,0.64638698,0.65985334,0.64638698,0.60598779,0.53865576,0.47132379
0.45611989,0.44887978,0.43439984,0.41991985,0.42715985,0.47059989,0.52127981,0.61539972
0.68779981,0.71675968,0.72399986,0.71675968,0.67331982,0.66607976,0.65159976,0.63711977
0.65159976,0.66607976,0.69503975,0.70951974,0.69503975,0.65159976,0.57919979,0.50679982
0.4469974,0.43990219,0.42571175,0.41152137,0.41861659,0.46118784,0.51085412,0.60309172
0.67404366,0.70242441,0.70951974,0.70242441,0.65985334,0.65275812,0.63856769,0.62437737
0.63856769,0.65275812,0.68113887,0.69532931,0.68113887,0.63856769,0.56761575,0.49666375
0.43787503,0.43092459,0.41702378,0.40312302,0.4100734,0.45177585,0.50042856,0.59078371
0.66028774,0.68808925,0.69503975,0.68808925,0.64638698,0.63943648,0.62553573,0.61163497
0.62553573,0.63943648,0.66723812,0.68113887,0.66723812,0.62553573,0.5560317,0.4865278
0.42875266,0.421947,0.4083358,0.39472461,0.40153021,0.44236386,0.49000299,0.57847571
0.6465317,0.6737541,0.68055975,0.6737541,0.6329205,0.62611496,0.61250377,0.59889257
0.61250377,0.62611496,0.65333736,0.66694856,0.65333736,0.61250377,0.54444778,0.47639179
0.41810989,0.40696025,0.38466108,0.36793667,0.36236185,0.36236185,0.37908626,0.41253501
0.46270823,0.49615705,0.5128814,0.52403104,0.50730658,0.50173187,0.50173187,0.47943258
0.47385782,0.49058229,0.5128814,0.55747986,0.54075539,0.52960575,0.50173187,0.47385782
0.40724987,0.39638984,0.37466985,0.3583799,0.35294992,0.35294992,0.36923987,0.40181982
0.45068985,0.48326987,0.49955982,0.51041985,0.49412984,0.48869985,0.48869985,0.4669798
0.46154982,0.47783989,0.49955982,0.54299986,0.52670979,0.51584983,0.48869985,0.46154982
0.42419147,0.41745818,0.40399182,0.3905254,0.39725864,0.43765783,0.48479021,0.57232177
0.63965368,0.66658652,0.67331982,0.66658652,0.62618732,0.61945415,0.60598779,0.59252143
0.60598779,0.61945415,0.64638698,0.65985334,0.64638698,0.60598779,0.53865576,0.47132379
0.45611989,0.44887978,0.43439984,0.41991985,0.42715985,0.47059989,0.52127981,0.61539972
0.68779981,0.71675968,0.72399986,0.71675968,0.67331982,0.66607976,0.65159976,0.63711977
0.65159976,0.66607976,0.69503975,0.70951974,0.69503975,0.65159976,0.57919979,0.50679982
0.4469974,0.43990219,0.42571175,0.41152137,0.41861659,0.46118784,0.51085412,0.60309172
0.67404366,0.70242441,0.70951974,0.70242441,0.65985334,0.65275812,0.63856769,0.62437737
0.63856769,0.65275812,0.68113887,0.69532931,0.68113887,0.63856769,0.56761575,0.49666375
0.43787503,0.43092459,0.41702378,0.40312302,0.4100734,0.45177585,0.50042856,0.59078371
0.66028774,0.68808925,0.69503975,0.68808925,0.64638698,0.63943648,0.62553573,0.61163497
0.62553573,0.63943648,0.66723812,0.68113887,0.66723812,0.62553573,0.5560317,0.4865278
0.42875266,0.421947,0.4083358,0.39472461,0.40153021,0.44236386,0.49000299,0.57847571
0.6465317,0.6737541,0.68055975,0.6737541,0.6329205,0.62611496,0.61250377,0.59889257
0.61250377,0.62611496,0.65333736,0.66694856,0.65333736,0.61250377,0.54444778,0.47639179
0.41810989,0.40696025,0.38466108,0.36793667,0.36236185,0.36236185,0.37908626,0.41253501
0.46270823,0.49615705,0.5128814,0.52403104,0.50730658,0.50173187,0.50173187,0.47943258
0.47385782,0.49058229,0.5128814,0.55747986,0.54075539,0.52960575,0.50173187,0.47385782
0.40724987,0.39638984,0.37466985,0.3583799,0.35294992,0.35294992,0.36923987,0.40181982
0.45068985,0.48326987,0.49955982,0.51041985,0.49412984,0.48869985,0.48869985,0.4669798
0.46154982,0.47783989,0.49955982,0.54299986,0.52670979,0.51584983,0.48869985,0.46154982
0.43532366,0.42841369,0.41459388,0.40077412,0.40768403,0.44914347,0.4975127,0.58734131
0.65644038,0.68408,0.69098997,0.68408,0.64262056,0.63571072,0.6218909,0.60807109
0.6218909,0.63571072,0.66335022,0.67717004,0.66335022,0.6218909,0.55279195,0.48369288
0.46809,0.46065992,0.44579995,0.43093991,0.43836993,0.48294997,0.53495991,0.63154995
0.70584989,0.73556983,0.74300003,0.73556983,0.69098997,0.68355989,0.66869998,0.65383995
0.66869998,0.68355989,0.71327996,0.72813988,0.71327996,0.66869998,0.59439993,0.52009988
0.45872813,0.45144665,0.43688387,0.42232108,0.4296025,0.47329092,0.52426064,0.61891878
0.69173288,0.72085845,0.72813988,0.72085845,0.67717004,0.66988862,0.65532589,0.64076304
0.65532589,0.66988862,0.69901419,0.71357703,0.69901419,0.65532589,0.5825119,0.50969791
0.44936633,0.44223344,0.42796791,0.41370231,0.42083508,0.46363193,0.51356149,0.60628784
0.67761588,0.70614707,0.71327996,0.70614707,0.66335022,0.65621746,0.64195192,0.62768626
0.64195192,0.65621746,0.68474865,0.69901419,0.68474865,0.64195192,0.57062387,0.49929589
0.44000453,0.43302029,0.41905189,0.40508348,0.41206771,0.45397294,0.50286221,0.5936569
0.66349888,0.69143569,0.69841993,0.69143569,0.64953053,0.6425463,0.62857795,0.61460948
0.62857795,0.6425463,0.67048311,0.68445146,0.67048311,0.62857795,0.55873585,0.48889393
0.42908245,0.41764021,0.39475584,0.37759256,0.37187147,0.37187147,0.38903475,0.4233613
0.47485125,0.5091778,0.52634108,0.53778326,0.52061999,0.5148989,0.5148989,0.49201453
0.48629343,0.50345671,0.52634108,0.57210994,0.55494654,0.54350436,0.5148989,0.48629343
0.41793752,0.4067924,0.38450247,0.36778498,0.36221248,0.36221248,0.37892997,0.4123649
0.46251744,0.49595249,0.51266992,0.52381492,0.50709748,0.50152492,0.50152492,0.47923493
0.47366244,0.49037999,0.51266992,0.55725002,0.54053247,0.52938747,0.50152492,0.47366244
0.43590945,0.42899018,0.41515177,0.40131342,0.40823257,0.44974786,0.49818218,0.58813167
0.65732372,0.68500042,0.6919198,0.68500042,0.64348531,0.63656616,0.62272775,0.60888934
0.62272775,0.63656616,0.66424286,0.67808127,0.66424286,0.62272775,0.5535357,0.48434377
0.46871984,0.46127981,0.44639981,0.43151981,0.43895984,0.48359984,0.5356797,0.63239968
0.70679975,0.73655975,0.74399984,0.73655975,0.6919198,0.68447971,0.66959977,0.65471983
0.66959977,0.68447971,0.71423972,0.72911966,0.71423972,0.66959977,0.59519982,0.52079976
0.4593454,0.45205414,0.43747175,0.42288935,0.43018055,0.4739278,0.52496612,0.61975169
0.69266367,0.72182846,0.72911966,0.72182846,0.67808127,0.67079008,0.65620768,0.64162528
0.65620768,0.67079008,0.69995487,0.71453726,0.69995487,0.65620768,0.5832957,0.51038372
0.44997102,0.44282854,0.42854375,0.41425902,0.42140138,0.46425581,0.51425254,0.60710371
0.67852771,0.70709729,0.71423972,0.70709729,0.66424286,0.65710056,0.64281571,0.62853098
0.64281571,0.65710056,0.68567002,0.69995487,0.68567002,0.64281571,0.5713917,0.49996775
0.44059664,0.43360299,0.4196158,0.40562862,0.41262221,0.45458382,0.50353897,0.59445572
0.66439176,0.69236612,0.69935977,0.69236612,0.65040457,0.64341092,0.62942374,0.61543655
0.62942374,0.64341092,0.67138529,0.68537247,0.67138529,0.62942374,0.5594877,0.48955178
0.42965984,0.41820222,0.39528704,0.37810063,0.37237185,0.37237185,0.38955826,0.423931
0.47549021,0.50986302,0.52704942,0.53850698,0.52132058,0.51559186,0.51559186,0.49267662
0.48694777,0.50413418,0.52704942,0.57287979,0.55569339,0.54423583,0.51559186,0.48694777
0.41849989,0.40733981,0.38501984,0.36827987,0.36269987,0.36269987,0.37943983,0.41291982
0.46313983,0.49661988,0.51335978,0.5245198,0.50777984,0.50219977,0.50219977,0.4798798
0.47429979,0.49103987,0.51335978,0.55799985,0.54125977,0.53009975,0.50219977,0.47429979
0.4687199,0.46127981,0.44639987,0.43151987,0.43895984,0.4835999,0.53567982,0.6323998
0.70679986,0.73655975,0.74399984,0.73655975,0.6919198,0.68447983,0.66959989,0.65471983
0.66959989,0.68447983,0.71423984,0.72911978,0.71423984,0.66959989,0.59519982,0.52079987
0.50399995,0.49599987,0.47999984,0.46399987,0.47199988,0.51999986,0.57599986,0.67999983
0.75999987,0.79199982,0.79999995,0.79199982,0.74399984,0.73599982,0.71999991,0.70399988
0.71999991,0.73599982,0.76799989,0.7839998,0.76799989,0.71999991,0.63999987,0.55999982
0.49391991,0.48607981,0.4703998,0.45471984,0.46255982,0.5095998,0.56447983,0.66639972
0.74479973,0.77615976,0.7839998,0.77615976,0.72911978,0.72127974,0.70559978,0.68991983
0.70559978,0.72127974,0.75263977,0.76831973,0.75263977,0.70559978,0.62719977,0.54879975
0.48383987,0.47615981,0.46079981,0.44543987,0.45311981,0.49919987,0.5529598,0.65279973
0.72959983,0.76031971,0.76799989,0.76031971,0.71423984,0.70655978,0.69119978,0.67583978
0.69119978,0.70655978,0.73727977,0.75263977,0.73727977,0.69119978,0.61439979,0.5375998
0.47375989,0.46623981,0.45119983,0.43615985,0.44367987,0.48879987,0.54143977,0.63919973
0.71439981,0.74447978,0.75199985,0.74447978,0.69935977,0.69183981,0.67679989,0.66175985
0.67679989,0.69183981,0.72191977,0.73695981,0.72191977,0.67679989,0.60159981,0.52639985
0.46199995,0.44967985,0.42503989,0.40655994,0.40039992,0.40039992,0.41887993,0.45583987
0.51127982,0.54823983,0.56671989,0.57903981,0.56055987,0.55439985,0.55439985,0.52975988
0.52359986,0.54207993,0.56671989,0.61599994,0.59751987,0.58519983,0.55439985,0.52359986
0.44999993,0.4379999,0.41399991,0.39599991,0.38999993,0.38999993,0.40799993,0.44399989
0.49799991,0.53399992,0.55199993,0.56399989,0.54599988,0.53999984,0.53999984,0.51599979
0.50999987,0.52799988,0.55199993,0.5999999,0.5819999,0.56999981,0.53999984,0.50999987
0.54895103,0.51617777,0.49159789,0.48340458,0.48340458,0.49159789,0.60630405,0.7046237
0.77836335,0.78655672,0.78655672,0.77836335,0.77836335,0.77836335,0.76197684,0.77017009
0.81113648,0.81932998,0.81932998,0.78655672,0.74559021,0.68004382,0.59811079,0.51617777
0.59026992,0.55502999,0.52859986,0.51978993,0.51978993,0.52859986,0.65193987,0.75765991
0.83694994,0.84575987,0.84575987,0.83694994,0.83694994,0.83694994,0.81932998,0.8281399
0.87218988,0.88100004,0.88100004,0.84575987,0.80170989,0.7312299,0.64312983,0.55502999
0.57846451,0.54392934,0.51802778,0.50939405,0.50939405,0.51802778,0.63890099,0.74250662
0.82021081,0.82884467,0.82884467,0.82021081,0.82021081,0.82021081,0.80294323,0.81157708
0.85474598,0.86337984,0.86337984,0.82884467,0.78567564,0.71660519,0.63026726,0.54392934
0.56665909,0.53282869,0.50745583,0.49899828,0.49899828,0.50745583,0.62586224,0.72735345
0.8034718,0.81192946,0.81192946,0.8034718,0.8034718,0.8034718,0.78655672,0.79501426
0.83730221,0.84575987,0.84575987,0.81192946,0.76964152,0.70198059,0.61740458,0.53282869
0.55485368,0.52172816,0.49688387,0.48860252,0.48860252,0.49688387,0.61282349,0.71220028
0.78673291,0.79501426,0.79501426,0.78673291,0.78673291,0.78673291,0.77017009,0.77845144
0.81985843,0.8281399,0.8281399,0.79501426,0.75360727,0.68735611,0.60454202,0.52172816
0.52912855,0.48842633,0.46129155,0.44772416,0.43415678,0.44094044,0.44772416,0.47485894
0.54269588,0.59696555,0.61053288,0.6173166,0.61053288,0.59696555,0.59018183,0.59018183
0.6173166,0.67837,0.67158616,0.65801883,0.63766766,0.62410033,0.59018183,0.5494796
0.51538491,0.47573996,0.44930994,0.43609494,0.42287999,0.42948747,0.43609494,0.46252495
0.52859998,0.58146,0.59467494,0.60128248,0.59467494,0.58146,0.57485235,0.57485235
0.60128248,0.66075003,0.65414238,0.64092743,0.62110496,0.60788989,0.57485235,0.53520739
0.55144334,0.51852143,0.49382985,0.48559934,0.48559934,0.49382985,0.60905683,0.7078228
0.78189731,0.79012787,0.79012787,0.78189731,0.78189731,0.78189731,0.76543629,0.77366686
0.81481934,0.8230499,0.8230499,0.79012787,0.7489754,0.68313134,0.60082626,0.51852143
0.59294987,0.55754995,0.5309999,0.5221498,0.5221498,0.5309999,0.65489984,0.76109982
0.84074986,0.84959984,0.84959984,0.84074986,0.84074986,0.84074986,0.8230499,0.83189988
0.87614989,0.88499999,0.88499999,0.84959984,0.80534995,0.73454988,0.64604986,0.55754995
0.58109081,0.54639888,0.52037978,0.51170683,0.51170683,0.52037978,0.64180171,0.74587774
0.82393479,0.83260775,0.83260775,0.82393479,0.82393479,0.82393479,0.80658877,0.81526184
0.85862672,0.86729979,0.86729979,0.83260775,0.78924286,0.71985877,0.63312876,0.54639888
0.56923187,0.53524792,0.50975978,0.50126386,0.50126386,0.50975978,0.62870383,0.73065579
0.80711985,0.81561577,0.81561577,0.80711985,0.80711985,0.80711985,0.79012787,0.7986238
0.84110379,0.84959984,0.84959984,0.81561577,0.77313578,0.70516777,0.62020779,0.53524792
0.55737281,0.52409685,0.49913985,0.49082088,0.49082088,0.49913985,0.61560583,0.71543384
0.79030478,0.7986238,0.7986238,0.79030478,0.79030478,0.79030478,0.77366686,0.78198588
0.82358074,0.83189988,0.83189988,0.7986238,0.75702882,0.69047677,0.60728681,0.52409685
0.53153086,0.49064392,0.46338594,0.44975692,0.43612796,0.44294244,0.44975692,0.4770149
0.54515994,0.59967589,0.61330485,0.62011945,0.61330485,0.59967589,0.59286129,0.59286129
0.62011945,0.68144989,0.67463529,0.66100633,0.64056289,0.62693393,0.59286129,0.55197442
0.51772487,0.47789991,0.45134991,0.43807495,0.42479998,0.43143743,0.43807495,0.46462494
0.5309999,0.58409989,0.59737492,0.60401237,0.59737492,0.58409989,0.57746232,0.57746232
0.60401237,0.66374993,0.65711236,0.64383733,0.62392485,0.61064994,0.57746232,0.53763735
0.56639767,0.532583,0.50722182,0.49876815,0.49876815,0.50722182,0.62557352,0.727018
0.8031013,0.81155491,0.81155491,0.8031013,0.8031013,0.8031013,0.78619385,0.79464757
0.83691597,0.84536982,0.84536982,0.81155491,0.76928651,0.70165682,0.61711991,0.532583
0.60902989,0.57266986,0.54539978,0.53630984,0.53630984,0.54539978,0.67265975,0.78173983
0.86354983,0.87263977,0.87263977,0.86354983,0.86354983,0.86354983,0.84536982,0.85445976
0.89990973,0.90899992,0.90899992,0.87263977,0.8271898,0.75446975,0.66356981,0.57266986
0.5968492,0.56121647,0.53449178,0.52558351,0.52558351,0.53449178,0.65920651,0.76610494
0.84627867,0.85518694,0.85518694,0.84627867,0.84627867,0.84627867,0.82846236,0.83737051
0.88191152,0.89081979,0.89081979,0.85518694,0.81064594,0.73938036,0.65029836,0.56121647
0.58466864,0.54976308,0.52358377,0.51485741,0.51485741,0.52358377,0.64575338,0.75047016
0.82900774,0.8377341,0.8377341,0.82900774,0.82900774,0.82900774,0.81155491,0.82028139
0.8639133,0.87263977,0.87263977,0.8377341,0.79410219,0.72429097,0.63702691,0.54976308
0.57248807,0.53830969,0.51267576,0.5041312,0.5041312,0.51267576,0.63230014,0.73483539
0.8117367,0.82028139,0.82028139,0.8117367,0.8117367,0.8117367,0.79464757,0.80319214
0.84591508,0.85445976,0.85445976,0.82028139,0.77755845,0.70920157,0.62375557,0.53830969
0.54594529,0.5039494,0.47595227,0.4619537,0.44795513,0.45495439,0.4619537,0.48995084
0.55994379,0.61593831,0.62993681,0.63693619,0.62993681,0.61593831,0.60893893,0.60893893
0.63693619,0.69992983,0.69293046,0.67893195,0.65793407,0.64393544,0.60893893,0.56694317
0.53176486,0.49085987,0.46358991,0.44995493,0.43631995,0.44313741,0.44995493,0.47722489
0.5453999,0.59993994,0.61357486,0.62039232,0.61357486,0.59993994,0.59312236,0.59312236
0.62039232,0.68174994,0.67493236,0.66129732,0.64084482,0.6272099,0.59312236,0.55221736
0.58571386,0.55074584,0.5245198,0.51577783,0.51577783,0.5245198,0.64690781,0.75181174
0.83048975,0.83923173,0.83923173,0.83048975,0.83048975,0.83048975,0.8130058,0.82174778
0.86545777,0.87419987,0.87419987,0.83923173,0.79552186,0.72558582,0.63816583,0.55074584
0.62979984,0.59219992,0.56399977,0.55459988,0.55459988,0.56399977,0.69559979,0.8083998
0.89299977,0.90239978,0.90239978,0.89299977,0.89299977,0.89299977,0.87419987,0.88359988
0.93059981,0.93999994,0.93999994,0.90239978,0.85539985,0.78019977,0.68619978,0.59219992
0.61720383,0.58035588,0.55271971,0.54350781,0.54350781,0.55271971,0.68168771,0.79223168
0.87513971,0.88435173,0.88435173,0.87513971,0.87513971,0.87513971,0.8567158,0.8659277
0.91198766,0.9211998,0.9211998,0.88435173,0.83829176,0.76459575,0.6724757,0.58035588
0.60460782,0.56851184,0.54143977,0.53241575,0.53241575,0.54143977,0.66777575,0.77606368
0.85727978,0.86630368,0.86630368,0.85727978,0.85727978,0.85727978,0.83923173,0.84825575
0.89337575,0.90239978,0.90239978,0.86630368,0.8211838,0.74899173,0.65875173,0.56851184
0.59201181,0.5566678,0.53015983,0.5213238,0.5213238,0.53015983,0.65386379,0.7598958
0.83941972,0.84825575,0.84825575,0.83941972,0.83941972,0.83941972,0.82174778,0.83058381
0.87476373,0.88359988,0.88359988,0.84825575,0.80407584,0.73338783,0.64502776,0.5566678
0.56456387,0.52113581,0.49218386,0.47770792,0.46323192,0.47046989,0.47770792,0.50665987
0.57903981,0.63694394,0.65141988,0.65865791,0.65141988,0.63694394,0.62970579,0.62970579
0.65865791,0.72379982,0.71656179,0.70208585,0.68037188,0.66589582,0.62970579,0.58627784
0.54989994,0.50759983,0.47939992,0.4652999,0.45119995,0.45824993,0.4652999,0.49349987
0.56399989,0.62039995,0.63449991,0.64154983,0.63449991,0.62039995,0.61334979,0.61334979
0.64154983,0.70499992,0.69794977,0.68384981,0.66269982,0.64859986,0.61334979,0.57104981
0.55455887,0.52145088,0.49661988,0.48834288,0.48834288,0.49661988,0.61249781,0.71182179
0.78631484,0.79459178,0.79459178,0.78631484,0.78631484,0.78631484,0.76976085,0.77803779
0.81942284,0.8276999,0.8276999,0.79459178,0.75320685,0.68699086,0.60422087,0.52145088
0.59629989,0.56069994,0.5339998,0.52509987,0.52509987,0.5339998,0.65859985,0.76539981
0.84549987,0.8543998,0.8543998,0.84549987,0.84549987,0.84549987,0.8276999,0.83659983
0.88109982,0.88999999,0.88999999,0.8543998,0.80989993,0.73869991,0.64969981,0.56069994
0.58437383,0.54948592,0.52331984,0.51459777,0.51459777,0.52331984,0.64542782,0.75009179
0.8285898,0.83731174,0.83731174,0.8285898,0.8285898,0.8285898,0.81114578,0.81986773
0.86347771,0.87219989,0.87219989,0.83731174,0.79370177,0.72392583,0.63670576,0.54948592
0.5724479,0.5382719,0.51263976,0.50409579,0.50409579,0.51263976,0.63225579,0.73478377
0.81167984,0.82022381,0.82022381,0.81167984,0.81167984,0.81167984,0.79459178,0.80313575
0.84585571,0.8543998,0.8543998,0.82022381,0.77750385,0.70915174,0.62371182,0.5382719
0.56052184,0.52705789,0.5019598,0.49359387,0.49359387,0.5019598,0.61908376,0.71947575
0.79476976,0.80313575,0.80313575,0.79476976,0.79476976,0.79476976,0.77803779,0.78640377
0.82823384,0.83659983,0.83659983,0.80313575,0.76130581,0.69437778,0.61071777,0.52705789
0.53453386,0.49341589,0.46600389,0.45229793,0.43859196,0.44544494,0.45229793,0.47970992
0.54823983,0.60306394,0.61676991,0.62362289,0.61676991,0.60306394,0.59621084,0.59621084
0.62362289,0.68529987,0.67844689,0.6647408,0.64418185,0.63047588,0.59621084,0.55509293
0.52064991,0.48059988,0.45389992,0.44054997,0.42719996,0.43387496,0.44054997,0.46724993
0.53399992,0.58739996,0.60074997,0.60742485,0.60074997,0.58739996,0.58072484,0.58072484
0.60742485,0.6674999,0.66082489,0.64747488,0.62744987,0.61409986,0.58072484,0.54067492
0.58695996,0.55191767,0.52563572,0.51687515,0.51687515,0.52563572,0.6482842,0.75341129
0.83225679,0.84101737,0.84101737,0.83225679,0.83225679,0.83225679,0.81473553,0.82349622
0.86729908,0.87605977,0.87605977,0.84101737,0.79721439,0.72712958,0.63952351,0.55191767
0.63113987,0.59345984,0.56519985,0.55577981,0.55577981,0.56519985,0.69707978,0.81011975
0.89489984,0.90431976,0.90431976,0.89489984,0.89489984,0.89489984,0.87605977,0.88547981
0.93257976,0.94199991,0.94199991,0.90431976,0.85721981,0.78185976,0.68765974,0.59345984
0.61851692,0.58159065,0.55389571,0.54466414,0.54466414,0.55389571,0.68313813,0.7939173
0.87700176,0.88623333,0.88623333,0.87700176,0.87700176,0.87700176,0.85853851,0.86777008
0.91392803,0.92315972,0.92315972,0.88623333,0.84007537,0.76622248,0.67390656,0.58159065
0.60589421,0.56972146,0.54259181,0.53354859,0.53354859,0.54259181,0.66919649,0.77771485
0.85910368,0.8681469,0.8681469,0.85910368,0.85910368,0.85910368,0.84101737,0.85006058
0.89527643,0.90431976,0.90431976,0.8681469,0.82293093,0.75058532,0.66015339,0.56972146
0.59327137,0.55785227,0.53128779,0.52243292,0.52243292,0.53128779,0.65525496,0.76151252
0.84120572,0.85006058,0.85006058,0.84120572,0.84120572,0.84120572,0.82349622,0.83235097
0.87662494,0.88547981,0.88547981,0.85006058,0.80578661,0.73494816,0.64640009,0.55785227
0.56576502,0.52224457,0.49323106,0.4787243,0.46421748,0.47147089,0.4787243,0.50773787
0.58027184,0.63829911,0.6528058,0.66005921,0.6528058,0.63829911,0.63104558,0.63104558
0.66005921,0.72533989,0.71808636,0.70357954,0.68181944,0.66731262,0.63104558,0.58752525
0.55106986,0.50867987,0.48041987,0.46628988,0.45215994,0.45922494,0.46628988,0.49454987
0.56519985,0.62171984,0.63584983,0.64291489,0.63584983,0.62171984,0.61465478,0.61465478
0.64291489,0.70649993,0.69943476,0.68530476,0.66410983,0.64997983,0.61465478,0.57226479
0.60440683,0.5683229,0.54125977,0.53223884,0.53223884,0.54125977,0.66755378,0.77580571
0.85699475,0.86601579,0.86601579,0.85699475,0.85699475,0.85699475,0.83895278,0.8479737
0.89307868,0.90209985,0.90209985,0.86601579,0.82091081,0.74874282,0.65853274,0.5683229
0.64989984,0.61109984,0.58199978,0.57229984,0.57229984,0.58199978,0.71779978,0.83419979
0.92149973,0.93119979,0.93119979,0.92149973,0.92149973,0.92149973,0.90209985,0.91179979
0.96029973,0.96999991,0.96999991,0.93119979,0.88269985,0.80509984,0.70809972,0.61109984
0.63690174,0.59887779,0.57035971,0.56085372,0.56085372,0.57035971,0.70344365,0.81751573
0.90306973,0.91257572,0.91257572,0.90306973,0.90306973,0.90306973,0.88405776,0.89356375
0.94109368,0.95059979,0.95059979,0.91257572,0.86504579,0.78899777,0.69393766,0.59887779
0.62390375,0.58665585,0.55871975,0.54940772,0.54940772,0.55871975,0.68908775,0.80083168
0.88463974,0.89395165,0.89395165,0.88463974,0.88463974,0.88463974,0.86601579,0.87532771
0.92188764,0.93119979,0.93119979,0.89395165,0.84739172,0.77289569,0.67977571,0.58665585
0.61090577,0.5744338,0.5470798,0.53796172,0.53796172,0.5470798,0.67473173,0.78414774
0.86620975,0.87532771,0.87532771,0.86620975,0.86620975,0.86620975,0.8479737,0.85709178
0.90268171,0.91179979,0.91179979,0.87532771,0.82973778,0.75679374,0.66561377,0.5744338
0.58258188,0.53776777,0.50789189,0.4929539,0.4780159,0.4854849,0.4929539,0.52282977
0.59751987,0.65727186,0.67220986,0.6796788,0.67220986,0.65727186,0.6498028,0.6498028
0.6796788,0.74689984,0.73943078,0.72449279,0.70208585,0.68714786,0.6498028,0.60498881
0.56744981,0.52379978,0.4946999,0.48014992,0.46559989,0.47287488,0.48014992,0.50924981
0.5819999,0.6401999,0.65474987,0.66202486,0.65474987,0.6401999,0.63292479,0.63292479
0.66202486,0.72749984,0.72022474,0.70567477,0.68384981,0.66929984,0.63292479,0.58927488
0.62309992,0.58589995,0.55799985,0.54869986,0.54869986,0.55799985,0.68819976,0.7997998
0.88349986,0.89279985,0.89279985,0.88349986,0.88349986,0.88349986,0.86489987,0.87419987
0.92069983,0.92999995,0.92999995,0.89279985,0.84629989,0.77189982,0.67889976,0.58589995
0.66999996,0.62999999,0.5999999,0.58999991,0.58999991,0.5999999,0.73999989,0.85999989
0.94999993,0.95999992,0.95999992,0.94999993,0.94999993,0.94999993,0.92999995,0.93999994
0.98999989,1,1,0.95999992,0.90999997,0.82999992,0.7299999,0.62999999
0.65659988,0.61739993,0.58799982,0.57819974,0.57819974,0.58799982,0.7251997,0.84279978
0.93099976,0.94079971,0.94079971,0.93099976,0.93099976,0.93099976,0.91139984,0.9211998
0.9701997,0.9799999,0.9799999,0.94079971,0.89179981,0.81339979,0.71539974,0.61739993
0.6431998,0.60479987,0.57599986,0.56639981,0.56639981,0.57599986,0.71039975,0.82559979
0.91199982,0.92159975,0.92159975,0.91199982,0.91199982,0.91199982,0.89279985,0.90239978
0.95039976,0.95999992,0.95999992,0.92159975,0.87359989,0.79679978,0.70079982,0.60479987
0.62979984,0.59219992,0.56399977,0.55459988,0.55459988,0.56399977,0.69559979,0.8083998
0.89299977,0.90239978,0.90239978,0.89299977,0.89299977,0.89299977,0.87419987,0.88359988
0.93059981,0.93999994,0.93999994,0.90239978,0.85539985,0.78019977,0.68619978,0.59219992
0.60059988,0.55439985,0.52359986,0.50819993,0.49279994,0.50049996,0.50819993,0.53899991
0.61599994,0.67759991,0.69299996,0.70069993,0.69299996,0.67759991,0.66989982,0.66989982
0.70069993,0.76999998,0.76229989,0.74689984,0.72379982,0.70839989,0.66989982,0.6236999
0.58499992,0.53999984,0.50999987,0.49499994,0.47999996,0.48749995,0.49499994,0.52499986
0.5999999,0.65999997,0.67499995,0.68249989,0.67499995,0.65999997,0.65249991,0.65249991
0.68249989,0.75,0.74249983,0.72749984,0.70499992,0.68999994,0.65249991,0.60749996
0.59319103,0.55777669,0.53121579,0.52236223,0.52236223,0.53121579,0.65516615,0.76140928
0.84109175,0.84994531,0.84994531,0.84109175,0.84109175,0.84109175,0.82338452,0.8322382
0.87650609,0.88535976,0.88535976,0.84994531,0.80567741,0.7348485,0.64631259,0.55777669
0.63783979,0.59975982,0.57119977,0.56167984,0.56167984,0.57119977,0.70447981,0.81871974
0.90439975,0.91391981,0.91391981,0.90439975,0.90439975,0.90439975,0.88535976,0.89487982
0.94247973,0.9519999,0.9519999,0.91391981,0.86631978,0.79015982,0.69495976,0.59975982
0.62508297,0.58776462,0.55977571,0.55044615,0.55044615,0.55977571,0.69039011,0.80234528
0.88631165,0.89564133,0.89564133,0.88631165,0.88631165,0.88631165,0.86765254,0.87698209
0.92363,0.93295979,0.93295979,0.89564133,0.8489933,0.77435648,0.68106055,0.58776462
0.61232614,0.57576942,0.54835176,0.53921258,0.53921258,0.54835176,0.67630053,0.78597093
0.86822367,0.87736285,0.87736285,0.86822367,0.86822367,0.86822367,0.84994531,0.85908449
0.90478051,0.91391981,0.91391981,0.87736285,0.83166695,0.75855339,0.66716135,0.57576942
0.59956944,0.56377423,0.53692782,0.52797902,0.52797902,0.53692782,0.66221094,0.76959658
0.85013568,0.85908449,0.85908449,0.85013568,0.85013568,0.85013568,0.8322382,0.841187
0.8859309,0.89487982,0.89487982,0.85908449,0.81434059,0.74275017,0.65326214,0.56377423
0.57177103,0.52778864,0.49846709,0.48380631,0.46914548,0.47647589,0.48380631,0.5131278
0.58643186,0.64507508,0.6597358,0.66706622,0.6597358,0.64507508,0.63774455,0.63774455
0.66706622,0.73303986,0.72570932,0.7110486,0.68905735,0.67439663,0.63774455,0.59376228
0.55691981,0.51407981,0.48551989,0.47123992,0.4569599,0.46409988,0.47123992,0.49979985
0.57119989,0.62831986,0.64259982,0.64973986,0.64259982,0.62831986,0.62117982,0.62117982
0.64973986,0.71399987,0.70685983,0.69257975,0.67115986,0.6568799,0.62117982,0.57833981
0.537112,0.50504565,0.48099577,0.47297919,0.47297919,0.48099577,0.5932281,0.68942726
0.76157677,0.76959336,0.76959336,0.76157677,0.76157677,0.76157677,0.7455436,0.75356019
0.79364312,0.80165982,0.80165982,0.76959336,0.72951031,0.6653775,0.58521152,0.50504565
